category,language_pair,src_lang,tgt_lang,direction,late_submission,system_type,team,system,instrument,score
Category 1,English to Assamese,eng_Latn,asm_Beng,en2indic,False,primary,gators,gators_primary,BLEU,19.38
Category 1,English to Assamese,eng_Latn,asm_Beng,en2indic,False,primary,gators,gators_primary,METEOR,42.89
Category 1,English to Assamese,eng_Latn,asm_Beng,en2indic,False,primary,gators,gators_primary,TER,63.89
Category 1,English to Assamese,eng_Latn,asm_Beng,en2indic,False,primary,gators,gators_primary,CHRF++,52.34
Category 1,English to Assamese,eng_Latn,asm_Beng,en2indic,False,primary,gators,gators_primary,BERTScore,86.95
Category 1,English to Assamese,eng_Latn,asm_Beng,en2indic,False,primary,gators,gators_primary,COMET,83.17
Category 1,English to Assamese,eng_Latn,asm_Beng,en2indic,True,primary,VoxNexus-Translate,VoxNexus-Translate_primary,BLEU,19.23
Category 1,English to Assamese,eng_Latn,asm_Beng,en2indic,True,primary,VoxNexus-Translate,VoxNexus-Translate_primary,METEOR,42.62
Category 1,English to Assamese,eng_Latn,asm_Beng,en2indic,True,primary,VoxNexus-Translate,VoxNexus-Translate_primary,TER,60.5
Category 1,English to Assamese,eng_Latn,asm_Beng,en2indic,True,primary,VoxNexus-Translate,VoxNexus-Translate_primary,CHRF++,51.78
Category 1,English to Assamese,eng_Latn,asm_Beng,en2indic,True,primary,VoxNexus-Translate,VoxNexus-Translate_primary,BERTScore,86.51
Category 1,English to Assamese,eng_Latn,asm_Beng,en2indic,True,primary,VoxNexus-Translate,VoxNexus-Translate_primary,COMET,83.31
Category 1,English to Assamese,eng_Latn,asm_Beng,en2indic,False,primary,KrenTransV0-1,KrenTransV0-1_primary,BLEU,16.64
Category 1,English to Assamese,eng_Latn,asm_Beng,en2indic,False,primary,KrenTransV0-1,KrenTransV0-1_primary,METEOR,41.72
Category 1,English to Assamese,eng_Latn,asm_Beng,en2indic,False,primary,KrenTransV0-1,KrenTransV0-1_primary,TER,63.59
Category 1,English to Assamese,eng_Latn,asm_Beng,en2indic,False,primary,KrenTransV0-1,KrenTransV0-1_primary,CHRF++,51.22
Category 1,English to Assamese,eng_Latn,asm_Beng,en2indic,False,primary,KrenTransV0-1,KrenTransV0-1_primary,BERTScore,86.63
Category 1,English to Assamese,eng_Latn,asm_Beng,en2indic,False,primary,KrenTransV0-1,KrenTransV0-1_primary,COMET,82.9
Category 1,English to Assamese,eng_Latn,asm_Beng,en2indic,False,primary,BVSLP,BVSLP_primary,BLEU,16.44
Category 1,English to Assamese,eng_Latn,asm_Beng,en2indic,False,primary,BVSLP,BVSLP_primary,METEOR,38.1
Category 1,English to Assamese,eng_Latn,asm_Beng,en2indic,False,primary,BVSLP,BVSLP_primary,TER,66.71
Category 1,English to Assamese,eng_Latn,asm_Beng,en2indic,False,primary,BVSLP,BVSLP_primary,CHRF++,48.64
Category 1,English to Assamese,eng_Latn,asm_Beng,en2indic,False,primary,BVSLP,BVSLP_primary,BERTScore,85.44
Category 1,English to Assamese,eng_Latn,asm_Beng,en2indic,False,primary,BVSLP,BVSLP_primary,COMET,83.23
Category 1,English to Assamese,eng_Latn,asm_Beng,en2indic,False,primary,ADI-KIIT,ADI-KIIT_primary,BLEU,15.57
Category 1,English to Assamese,eng_Latn,asm_Beng,en2indic,False,primary,ADI-KIIT,ADI-KIIT_primary,METEOR,39.91
Category 1,English to Assamese,eng_Latn,asm_Beng,en2indic,False,primary,ADI-KIIT,ADI-KIIT_primary,TER,65.52
Category 1,English to Assamese,eng_Latn,asm_Beng,en2indic,False,primary,ADI-KIIT,ADI-KIIT_primary,CHRF++,50.06
Category 1,English to Assamese,eng_Latn,asm_Beng,en2indic,False,primary,ADI-KIIT,ADI-KIIT_primary,BERTScore,86.3
Category 1,English to Assamese,eng_Latn,asm_Beng,en2indic,False,primary,ADI-KIIT,ADI-KIIT_primary,COMET,82.36
Category 1,English to Assamese,eng_Latn,asm_Beng,en2indic,False,primary,Winterpeg,Winterpeg_primary,BLEU,15.35
Category 1,English to Assamese,eng_Latn,asm_Beng,en2indic,False,primary,Winterpeg,Winterpeg_primary,METEOR,37.99
Category 1,English to Assamese,eng_Latn,asm_Beng,en2indic,False,primary,Winterpeg,Winterpeg_primary,TER,65.77
Category 1,English to Assamese,eng_Latn,asm_Beng,en2indic,False,primary,Winterpeg,Winterpeg_primary,CHRF++,48.32
Category 1,English to Assamese,eng_Latn,asm_Beng,en2indic,False,primary,Winterpeg,Winterpeg_primary,BERTScore,85.64
Category 1,English to Assamese,eng_Latn,asm_Beng,en2indic,False,primary,Winterpeg,Winterpeg_primary,COMET,80.96
Category 1,English to Assamese,eng_Latn,asm_Beng,en2indic,False,primary,EROL,EROL_primary,BLEU,15.31
Category 1,English to Assamese,eng_Latn,asm_Beng,en2indic,False,primary,EROL,EROL_primary,METEOR,39.22
Category 1,English to Assamese,eng_Latn,asm_Beng,en2indic,False,primary,EROL,EROL_primary,TER,65.76
Category 1,English to Assamese,eng_Latn,asm_Beng,en2indic,False,primary,EROL,EROL_primary,CHRF++,49.42
Category 1,English to Assamese,eng_Latn,asm_Beng,en2indic,False,primary,EROL,EROL_primary,BERTScore,85.91
Category 1,English to Assamese,eng_Latn,asm_Beng,en2indic,False,primary,EROL,EROL_primary,COMET,81.92
Category 1,English to Assamese,eng_Latn,asm_Beng,en2indic,False,primary,RozarNLP-cr7,RozarNLP-cr7_primary,BLEU,15.24
Category 1,English to Assamese,eng_Latn,asm_Beng,en2indic,False,primary,RozarNLP-cr7,RozarNLP-cr7_primary,METEOR,36.91
Category 1,English to Assamese,eng_Latn,asm_Beng,en2indic,False,primary,RozarNLP-cr7,RozarNLP-cr7_primary,TER,72.4
Category 1,English to Assamese,eng_Latn,asm_Beng,en2indic,False,primary,RozarNLP-cr7,RozarNLP-cr7_primary,CHRF++,49.53
Category 1,English to Assamese,eng_Latn,asm_Beng,en2indic,False,primary,RozarNLP-cr7,RozarNLP-cr7_primary,BERTScore,86.1
Category 1,English to Assamese,eng_Latn,asm_Beng,en2indic,False,primary,RozarNLP-cr7,RozarNLP-cr7_primary,COMET,82.15
Category 1,English to Assamese,eng_Latn,asm_Beng,en2indic,False,primary,BRS-NK,BRS-NK_primary,BLEU,14.96
Category 1,English to Assamese,eng_Latn,asm_Beng,en2indic,False,primary,BRS-NK,BRS-NK_primary,METEOR,36.66
Category 1,English to Assamese,eng_Latn,asm_Beng,en2indic,False,primary,BRS-NK,BRS-NK_primary,TER,66.75
Category 1,English to Assamese,eng_Latn,asm_Beng,en2indic,False,primary,BRS-NK,BRS-NK_primary,CHRF++,47.81
Category 1,English to Assamese,eng_Latn,asm_Beng,en2indic,False,primary,BRS-NK,BRS-NK_primary,BERTScore,85.42
Category 1,English to Assamese,eng_Latn,asm_Beng,en2indic,False,primary,BRS-NK,BRS-NK_primary,COMET,80.75
Category 1,English to Assamese,eng_Latn,asm_Beng,en2indic,False,primary,DoDS-IITPKD,DoDS-IITPKD_primary,BLEU,14.73
Category 1,English to Assamese,eng_Latn,asm_Beng,en2indic,False,primary,DoDS-IITPKD,DoDS-IITPKD_primary,METEOR,38.19
Category 1,English to Assamese,eng_Latn,asm_Beng,en2indic,False,primary,DoDS-IITPKD,DoDS-IITPKD_primary,TER,66.18
Category 1,English to Assamese,eng_Latn,asm_Beng,en2indic,False,primary,DoDS-IITPKD,DoDS-IITPKD_primary,CHRF++,49.07
Category 1,English to Assamese,eng_Latn,asm_Beng,en2indic,False,primary,DoDS-IITPKD,DoDS-IITPKD_primary,BERTScore,85.74
Category 1,English to Assamese,eng_Latn,asm_Beng,en2indic,False,primary,DoDS-IITPKD,DoDS-IITPKD_primary,COMET,81.59
Category 1,English to Assamese,eng_Latn,asm_Beng,en2indic,False,primary,Decepticons-IIITH,Decepticons-IIITH_primary,BLEU,14.09
Category 1,English to Assamese,eng_Latn,asm_Beng,en2indic,False,primary,Decepticons-IIITH,Decepticons-IIITH_primary,METEOR,35.41
Category 1,English to Assamese,eng_Latn,asm_Beng,en2indic,False,primary,Decepticons-IIITH,Decepticons-IIITH_primary,TER,73.78
Category 1,English to Assamese,eng_Latn,asm_Beng,en2indic,False,primary,Decepticons-IIITH,Decepticons-IIITH_primary,CHRF++,47.83
Category 1,English to Assamese,eng_Latn,asm_Beng,en2indic,False,primary,Decepticons-IIITH,Decepticons-IIITH_primary,BERTScore,85.27
Category 1,English to Assamese,eng_Latn,asm_Beng,en2indic,False,primary,Decepticons-IIITH,Decepticons-IIITH_primary,COMET,80.59
Category 1,English to Assamese,eng_Latn,asm_Beng,en2indic,False,primary,LTRC_Plural,LTRC_Plural_primary,BLEU,14.09
Category 1,English to Assamese,eng_Latn,asm_Beng,en2indic,False,primary,LTRC_Plural,LTRC_Plural_primary,METEOR,35.4
Category 1,English to Assamese,eng_Latn,asm_Beng,en2indic,False,primary,LTRC_Plural,LTRC_Plural_primary,TER,73.21
Category 1,English to Assamese,eng_Latn,asm_Beng,en2indic,False,primary,LTRC_Plural,LTRC_Plural_primary,CHRF++,47.75
Category 1,English to Assamese,eng_Latn,asm_Beng,en2indic,False,primary,LTRC_Plural,LTRC_Plural_primary,BERTScore,85.41
Category 1,English to Assamese,eng_Latn,asm_Beng,en2indic,False,primary,LTRC_Plural,LTRC_Plural_primary,COMET,80.87
Category 1,English to Assamese,eng_Latn,asm_Beng,en2indic,False,primary,DELAB-IIITM,DELAB-IIITM_primary,BLEU,13.72
Category 1,English to Assamese,eng_Latn,asm_Beng,en2indic,False,primary,DELAB-IIITM,DELAB-IIITM_primary,METEOR,34.79
Category 1,English to Assamese,eng_Latn,asm_Beng,en2indic,False,primary,DELAB-IIITM,DELAB-IIITM_primary,TER,73.67
Category 1,English to Assamese,eng_Latn,asm_Beng,en2indic,False,primary,DELAB-IIITM,DELAB-IIITM_primary,CHRF++,47.56
Category 1,English to Assamese,eng_Latn,asm_Beng,en2indic,False,primary,DELAB-IIITM,DELAB-IIITM_primary,BERTScore,85.55
Category 1,English to Assamese,eng_Latn,asm_Beng,en2indic,False,primary,DELAB-IIITM,DELAB-IIITM_primary,COMET,80.84
Category 1,English to Assamese,eng_Latn,asm_Beng,en2indic,False,primary,MTG-LIRA,MTG-LIRA_primary,BLEU,12.17
Category 1,English to Assamese,eng_Latn,asm_Beng,en2indic,False,primary,MTG-LIRA,MTG-LIRA_primary,METEOR,33.74
Category 1,English to Assamese,eng_Latn,asm_Beng,en2indic,False,primary,MTG-LIRA,MTG-LIRA_primary,TER,71.46
Category 1,English to Assamese,eng_Latn,asm_Beng,en2indic,False,primary,MTG-LIRA,MTG-LIRA_primary,CHRF++,45.05
Category 1,English to Assamese,eng_Latn,asm_Beng,en2indic,False,primary,MTG-LIRA,MTG-LIRA_primary,BERTScore,84.51
Category 1,English to Assamese,eng_Latn,asm_Beng,en2indic,False,primary,MTG-LIRA,MTG-LIRA_primary,COMET,78.57
Category 1,English to Assamese,eng_Latn,asm_Beng,en2indic,True,primary,CIT MT BTECH 2026,CIT MT BTECH 2026_primary,BLEU,0.34
Category 1,English to Assamese,eng_Latn,asm_Beng,en2indic,True,primary,CIT MT BTECH 2026,CIT MT BTECH 2026_primary,METEOR,5.9
Category 1,English to Assamese,eng_Latn,asm_Beng,en2indic,True,primary,CIT MT BTECH 2026,CIT MT BTECH 2026_primary,TER,115.43
Category 1,English to Assamese,eng_Latn,asm_Beng,en2indic,True,primary,CIT MT BTECH 2026,CIT MT BTECH 2026_primary,CHRF++,15.67
Category 1,English to Assamese,eng_Latn,asm_Beng,en2indic,True,primary,CIT MT BTECH 2026,CIT MT BTECH 2026_primary,BERTScore,71.95
Category 1,English to Assamese,eng_Latn,asm_Beng,en2indic,True,primary,CIT MT BTECH 2026,CIT MT BTECH 2026_primary,COMET,52.0
Category 1,English to Assamese,eng_Latn,asm_Beng,en2indic,False,contrastive,gators,gators_contrastive,BLEU,20.77
Category 1,English to Assamese,eng_Latn,asm_Beng,en2indic,False,contrastive,gators,gators_contrastive,METEOR,44.71
Category 1,English to Assamese,eng_Latn,asm_Beng,en2indic,False,contrastive,gators,gators_contrastive,TER,60.06
Category 1,English to Assamese,eng_Latn,asm_Beng,en2indic,False,contrastive,gators,gators_contrastive,CHRF++,52.81
Category 1,English to Assamese,eng_Latn,asm_Beng,en2indic,False,contrastive,gators,gators_contrastive,BERTScore,86.98
Category 1,English to Assamese,eng_Latn,asm_Beng,en2indic,False,contrastive,gators,gators_contrastive,COMET,83.27
Category 1,English to Assamese,eng_Latn,asm_Beng,en2indic,False,contrastive,BRS-NK,BRS-NK_contrastive,BLEU,17.53
Category 1,English to Assamese,eng_Latn,asm_Beng,en2indic,False,contrastive,BRS-NK,BRS-NK_contrastive,METEOR,40.53
Category 1,English to Assamese,eng_Latn,asm_Beng,en2indic,False,contrastive,BRS-NK,BRS-NK_contrastive,TER,63.22
Category 1,English to Assamese,eng_Latn,asm_Beng,en2indic,False,contrastive,BRS-NK,BRS-NK_contrastive,CHRF++,50.77
Category 1,English to Assamese,eng_Latn,asm_Beng,en2indic,False,contrastive,BRS-NK,BRS-NK_contrastive,BERTScore,86.35
Category 1,English to Assamese,eng_Latn,asm_Beng,en2indic,False,contrastive,BRS-NK,BRS-NK_contrastive,COMET,82.18
Category 1,English to Assamese,eng_Latn,asm_Beng,en2indic,False,contrastive,RozarNLP-cr7,RozarNLP-cr7_contrastive,BLEU,15.99
Category 1,English to Assamese,eng_Latn,asm_Beng,en2indic,False,contrastive,RozarNLP-cr7,RozarNLP-cr7_contrastive,METEOR,40.84
Category 1,English to Assamese,eng_Latn,asm_Beng,en2indic,False,contrastive,RozarNLP-cr7,RozarNLP-cr7_contrastive,TER,64.43
Category 1,English to Assamese,eng_Latn,asm_Beng,en2indic,False,contrastive,RozarNLP-cr7,RozarNLP-cr7_contrastive,CHRF++,50.49
Category 1,English to Assamese,eng_Latn,asm_Beng,en2indic,False,contrastive,RozarNLP-cr7,RozarNLP-cr7_contrastive,BERTScore,86.43
Category 1,English to Assamese,eng_Latn,asm_Beng,en2indic,False,contrastive,RozarNLP-cr7,RozarNLP-cr7_contrastive,COMET,82.54
Category 1,English to Assamese,eng_Latn,asm_Beng,en2indic,False,contrastive,DoDS-IITPKD,DoDS-IITPKD_contrastive,BLEU,15.08
Category 1,English to Assamese,eng_Latn,asm_Beng,en2indic,False,contrastive,DoDS-IITPKD,DoDS-IITPKD_contrastive,METEOR,39.13
Category 1,English to Assamese,eng_Latn,asm_Beng,en2indic,False,contrastive,DoDS-IITPKD,DoDS-IITPKD_contrastive,TER,65.48
Category 1,English to Assamese,eng_Latn,asm_Beng,en2indic,False,contrastive,DoDS-IITPKD,DoDS-IITPKD_contrastive,CHRF++,49.77
Category 1,English to Assamese,eng_Latn,asm_Beng,en2indic,False,contrastive,DoDS-IITPKD,DoDS-IITPKD_contrastive,BERTScore,86.05
Category 1,English to Assamese,eng_Latn,asm_Beng,en2indic,False,contrastive,DoDS-IITPKD,DoDS-IITPKD_contrastive,COMET,81.95
Category 1,English to Assamese,eng_Latn,asm_Beng,en2indic,False,contrastive,Decepticons-IIITH,Decepticons-IIITH_contrastive,BLEU,15.0
Category 1,English to Assamese,eng_Latn,asm_Beng,en2indic,False,contrastive,Decepticons-IIITH,Decepticons-IIITH_contrastive,METEOR,36.44
Category 1,English to Assamese,eng_Latn,asm_Beng,en2indic,False,contrastive,Decepticons-IIITH,Decepticons-IIITH_contrastive,TER,72.29
Category 1,English to Assamese,eng_Latn,asm_Beng,en2indic,False,contrastive,Decepticons-IIITH,Decepticons-IIITH_contrastive,CHRF++,48.98
Category 1,English to Assamese,eng_Latn,asm_Beng,en2indic,False,contrastive,Decepticons-IIITH,Decepticons-IIITH_contrastive,BERTScore,85.83
Category 1,English to Assamese,eng_Latn,asm_Beng,en2indic,False,contrastive,Decepticons-IIITH,Decepticons-IIITH_contrastive,COMET,81.65
Category 1,English to Assamese,eng_Latn,asm_Beng,en2indic,False,contrastive,DELAB-IIITM,DELAB-IIITM_contrastive,BLEU,14.9
Category 1,English to Assamese,eng_Latn,asm_Beng,en2indic,False,contrastive,DELAB-IIITM,DELAB-IIITM_contrastive,METEOR,36.52
Category 1,English to Assamese,eng_Latn,asm_Beng,en2indic,False,contrastive,DELAB-IIITM,DELAB-IIITM_contrastive,TER,67.03
Category 1,English to Assamese,eng_Latn,asm_Beng,en2indic,False,contrastive,DELAB-IIITM,DELAB-IIITM_contrastive,CHRF++,47.51
Category 1,English to Assamese,eng_Latn,asm_Beng,en2indic,False,contrastive,DELAB-IIITM,DELAB-IIITM_contrastive,BERTScore,85.36
Category 1,English to Assamese,eng_Latn,asm_Beng,en2indic,False,contrastive,DELAB-IIITM,DELAB-IIITM_contrastive,COMET,82.01
Category 1,English to Assamese,eng_Latn,asm_Beng,en2indic,False,contrastive,DoDS-IITPKD,DoDS-IITPKD_contrastive2,BLEU,14.73
Category 1,English to Assamese,eng_Latn,asm_Beng,en2indic,False,contrastive,DoDS-IITPKD,DoDS-IITPKD_contrastive2,METEOR,38.2
Category 1,English to Assamese,eng_Latn,asm_Beng,en2indic,False,contrastive,DoDS-IITPKD,DoDS-IITPKD_contrastive2,TER,66.16
Category 1,English to Assamese,eng_Latn,asm_Beng,en2indic,False,contrastive,DoDS-IITPKD,DoDS-IITPKD_contrastive2,CHRF++,49.07
Category 1,English to Assamese,eng_Latn,asm_Beng,en2indic,False,contrastive,DoDS-IITPKD,DoDS-IITPKD_contrastive2,BERTScore,85.74
Category 1,English to Assamese,eng_Latn,asm_Beng,en2indic,False,contrastive,DoDS-IITPKD,DoDS-IITPKD_contrastive2,COMET,81.6
Category 1,English to Assamese,eng_Latn,asm_Beng,en2indic,False,contrastive,MTG-LIRA,MTG-LIRA_contrastive,BLEU,14.44
Category 1,English to Assamese,eng_Latn,asm_Beng,en2indic,False,contrastive,MTG-LIRA,MTG-LIRA_contrastive,METEOR,36.58
Category 1,English to Assamese,eng_Latn,asm_Beng,en2indic,False,contrastive,MTG-LIRA,MTG-LIRA_contrastive,TER,66.79
Category 1,English to Assamese,eng_Latn,asm_Beng,en2indic,False,contrastive,MTG-LIRA,MTG-LIRA_contrastive,CHRF++,47.04
Category 1,English to Assamese,eng_Latn,asm_Beng,en2indic,False,contrastive,MTG-LIRA,MTG-LIRA_contrastive,BERTScore,85.32
Category 1,English to Assamese,eng_Latn,asm_Beng,en2indic,False,contrastive,MTG-LIRA,MTG-LIRA_contrastive,COMET,79.44
Category 1,English to Assamese,eng_Latn,asm_Beng,en2indic,False,contrastive,LTRC_Plural,LTRC_Plural_contrastive_1,BLEU,14.01
Category 1,English to Assamese,eng_Latn,asm_Beng,en2indic,False,contrastive,LTRC_Plural,LTRC_Plural_contrastive_1,METEOR,34.75
Category 1,English to Assamese,eng_Latn,asm_Beng,en2indic,False,contrastive,LTRC_Plural,LTRC_Plural_contrastive_1,TER,69.34
Category 1,English to Assamese,eng_Latn,asm_Beng,en2indic,False,contrastive,LTRC_Plural,LTRC_Plural_contrastive_1,CHRF++,46.63
Category 1,English to Assamese,eng_Latn,asm_Beng,en2indic,False,contrastive,LTRC_Plural,LTRC_Plural_contrastive_1,BERTScore,84.87
Category 1,English to Assamese,eng_Latn,asm_Beng,en2indic,False,contrastive,LTRC_Plural,LTRC_Plural_contrastive_1,COMET,81.6
Category 1,English to Assamese,eng_Latn,asm_Beng,en2indic,True,contrastive,BVSLP,BVSLP_contrastive,BLEU,12.86
Category 1,English to Assamese,eng_Latn,asm_Beng,en2indic,True,contrastive,BVSLP,BVSLP_contrastive,METEOR,33.7
Category 1,English to Assamese,eng_Latn,asm_Beng,en2indic,True,contrastive,BVSLP,BVSLP_contrastive,TER,76.53
Category 1,English to Assamese,eng_Latn,asm_Beng,en2indic,True,contrastive,BVSLP,BVSLP_contrastive,CHRF++,46.73
Category 1,English to Assamese,eng_Latn,asm_Beng,en2indic,True,contrastive,BVSLP,BVSLP_contrastive,BERTScore,85.07
Category 1,English to Assamese,eng_Latn,asm_Beng,en2indic,True,contrastive,BVSLP,BVSLP_contrastive,COMET,80.58
Category 1,English to Assamese,eng_Latn,asm_Beng,en2indic,True,contrastive,CIT MT BTECH 2026,CIT MT BTECH 2026_contrastive,BLEU,10.78
Category 1,English to Assamese,eng_Latn,asm_Beng,en2indic,True,contrastive,CIT MT BTECH 2026,CIT MT BTECH 2026_contrastive,METEOR,31.0
Category 1,English to Assamese,eng_Latn,asm_Beng,en2indic,True,contrastive,CIT MT BTECH 2026,CIT MT BTECH 2026_contrastive,TER,81.0
Category 1,English to Assamese,eng_Latn,asm_Beng,en2indic,True,contrastive,CIT MT BTECH 2026,CIT MT BTECH 2026_contrastive,CHRF++,44.42
Category 1,English to Assamese,eng_Latn,asm_Beng,en2indic,True,contrastive,CIT MT BTECH 2026,CIT MT BTECH 2026_contrastive,BERTScore,84.88
Category 1,English to Assamese,eng_Latn,asm_Beng,en2indic,True,contrastive,CIT MT BTECH 2026,CIT MT BTECH 2026_contrastive,COMET,80.34
Category 1,English to Assamese,eng_Latn,asm_Beng,en2indic,False,contrastive,LTRC_Plural,LTRC_Plural_contrastive_2,BLEU,9.41
Category 1,English to Assamese,eng_Latn,asm_Beng,en2indic,False,contrastive,LTRC_Plural,LTRC_Plural_contrastive_2,METEOR,28.35
Category 1,English to Assamese,eng_Latn,asm_Beng,en2indic,False,contrastive,LTRC_Plural,LTRC_Plural_contrastive_2,TER,81.81
Category 1,English to Assamese,eng_Latn,asm_Beng,en2indic,False,contrastive,LTRC_Plural,LTRC_Plural_contrastive_2,CHRF++,41.22
Category 1,English to Assamese,eng_Latn,asm_Beng,en2indic,False,contrastive,LTRC_Plural,LTRC_Plural_contrastive_2,BERTScore,83.77
Category 1,English to Assamese,eng_Latn,asm_Beng,en2indic,False,contrastive,LTRC_Plural,LTRC_Plural_contrastive_2,COMET,78.57
Category 1,Assamese to English,asm_Beng,eng_Latn,indic2en,False,primary,gators,gators_primary,BLEU,27.26
Category 1,Assamese to English,asm_Beng,eng_Latn,indic2en,False,primary,gators,gators_primary,METEOR,60.5
Category 1,Assamese to English,asm_Beng,eng_Latn,indic2en,False,primary,gators,gators_primary,TER,64.78
Category 1,Assamese to English,asm_Beng,eng_Latn,indic2en,False,primary,gators,gators_primary,CHRF++,57.43
Category 1,Assamese to English,asm_Beng,eng_Latn,indic2en,False,primary,gators,gators_primary,BERTScore,95.09
Category 1,Assamese to English,asm_Beng,eng_Latn,indic2en,False,primary,gators,gators_primary,COMET,86.53
Category 1,Assamese to English,asm_Beng,eng_Latn,indic2en,False,primary,EROL,EROL_primary,BLEU,25.1
Category 1,Assamese to English,asm_Beng,eng_Latn,indic2en,False,primary,EROL,EROL_primary,METEOR,59.33
Category 1,Assamese to English,asm_Beng,eng_Latn,indic2en,False,primary,EROL,EROL_primary,TER,64.72
Category 1,Assamese to English,asm_Beng,eng_Latn,indic2en,False,primary,EROL,EROL_primary,CHRF++,55.39
Category 1,Assamese to English,asm_Beng,eng_Latn,indic2en,False,primary,EROL,EROL_primary,BERTScore,94.9
Category 1,Assamese to English,asm_Beng,eng_Latn,indic2en,False,primary,EROL,EROL_primary,COMET,85.86
Category 1,Assamese to English,asm_Beng,eng_Latn,indic2en,False,primary,DoDS-IITPKD,DoDS-IITPKD_primary,BLEU,24.37
Category 1,Assamese to English,asm_Beng,eng_Latn,indic2en,False,primary,DoDS-IITPKD,DoDS-IITPKD_primary,METEOR,59.55
Category 1,Assamese to English,asm_Beng,eng_Latn,indic2en,False,primary,DoDS-IITPKD,DoDS-IITPKD_primary,TER,67.94
Category 1,Assamese to English,asm_Beng,eng_Latn,indic2en,False,primary,DoDS-IITPKD,DoDS-IITPKD_primary,CHRF++,55.63
Category 1,Assamese to English,asm_Beng,eng_Latn,indic2en,False,primary,DoDS-IITPKD,DoDS-IITPKD_primary,BERTScore,94.77
Category 1,Assamese to English,asm_Beng,eng_Latn,indic2en,False,primary,DoDS-IITPKD,DoDS-IITPKD_primary,COMET,85.79
Category 1,Assamese to English,asm_Beng,eng_Latn,indic2en,False,primary,ADI-KIIT,ADI-KIIT_primary,BLEU,24.08
Category 1,Assamese to English,asm_Beng,eng_Latn,indic2en,False,primary,ADI-KIIT,ADI-KIIT_primary,METEOR,57.32
Category 1,Assamese to English,asm_Beng,eng_Latn,indic2en,False,primary,ADI-KIIT,ADI-KIIT_primary,TER,67.59
Category 1,Assamese to English,asm_Beng,eng_Latn,indic2en,False,primary,ADI-KIIT,ADI-KIIT_primary,CHRF++,54.28
Category 1,Assamese to English,asm_Beng,eng_Latn,indic2en,False,primary,ADI-KIIT,ADI-KIIT_primary,BERTScore,94.69
Category 1,Assamese to English,asm_Beng,eng_Latn,indic2en,False,primary,ADI-KIIT,ADI-KIIT_primary,COMET,85.43
Category 1,Assamese to English,asm_Beng,eng_Latn,indic2en,False,primary,TIP-RBG-AI,TIP-RBG-AI_primary,BLEU,23.91
Category 1,Assamese to English,asm_Beng,eng_Latn,indic2en,False,primary,TIP-RBG-AI,TIP-RBG-AI_primary,METEOR,58.24
Category 1,Assamese to English,asm_Beng,eng_Latn,indic2en,False,primary,TIP-RBG-AI,TIP-RBG-AI_primary,TER,68.33
Category 1,Assamese to English,asm_Beng,eng_Latn,indic2en,False,primary,TIP-RBG-AI,TIP-RBG-AI_primary,CHRF++,54.79
Category 1,Assamese to English,asm_Beng,eng_Latn,indic2en,False,primary,TIP-RBG-AI,TIP-RBG-AI_primary,BERTScore,94.66
Category 1,Assamese to English,asm_Beng,eng_Latn,indic2en,False,primary,TIP-RBG-AI,TIP-RBG-AI_primary,COMET,85.55
Category 1,Assamese to English,asm_Beng,eng_Latn,indic2en,False,primary,RozarNLP-cr7,RozarNLP-cr7_primary,BLEU,23.5
Category 1,Assamese to English,asm_Beng,eng_Latn,indic2en,False,primary,RozarNLP-cr7,RozarNLP-cr7_primary,METEOR,57.95
Category 1,Assamese to English,asm_Beng,eng_Latn,indic2en,False,primary,RozarNLP-cr7,RozarNLP-cr7_primary,TER,67.2
Category 1,Assamese to English,asm_Beng,eng_Latn,indic2en,False,primary,RozarNLP-cr7,RozarNLP-cr7_primary,CHRF++,54.08
Category 1,Assamese to English,asm_Beng,eng_Latn,indic2en,False,primary,RozarNLP-cr7,RozarNLP-cr7_primary,BERTScore,94.56
Category 1,Assamese to English,asm_Beng,eng_Latn,indic2en,False,primary,RozarNLP-cr7,RozarNLP-cr7_primary,COMET,85.49
Category 1,Assamese to English,asm_Beng,eng_Latn,indic2en,True,primary,VoxNexus-Translate,VoxNexus-Translate_primary,BLEU,22.27
Category 1,Assamese to English,asm_Beng,eng_Latn,indic2en,True,primary,VoxNexus-Translate,VoxNexus-Translate_primary,METEOR,51.88
Category 1,Assamese to English,asm_Beng,eng_Latn,indic2en,True,primary,VoxNexus-Translate,VoxNexus-Translate_primary,TER,63.62
Category 1,Assamese to English,asm_Beng,eng_Latn,indic2en,True,primary,VoxNexus-Translate,VoxNexus-Translate_primary,CHRF++,48.75
Category 1,Assamese to English,asm_Beng,eng_Latn,indic2en,True,primary,VoxNexus-Translate,VoxNexus-Translate_primary,BERTScore,94.56
Category 1,Assamese to English,asm_Beng,eng_Latn,indic2en,True,primary,VoxNexus-Translate,VoxNexus-Translate_primary,COMET,84.34
Category 1,Assamese to English,asm_Beng,eng_Latn,indic2en,False,primary,LTRC_Plural,LTRC_Plural_primary,BLEU,22.09
Category 1,Assamese to English,asm_Beng,eng_Latn,indic2en,False,primary,LTRC_Plural,LTRC_Plural_primary,METEOR,56.67
Category 1,Assamese to English,asm_Beng,eng_Latn,indic2en,False,primary,LTRC_Plural,LTRC_Plural_primary,TER,68.6
Category 1,Assamese to English,asm_Beng,eng_Latn,indic2en,False,primary,LTRC_Plural,LTRC_Plural_primary,CHRF++,53.11
Category 1,Assamese to English,asm_Beng,eng_Latn,indic2en,False,primary,LTRC_Plural,LTRC_Plural_primary,BERTScore,94.46
Category 1,Assamese to English,asm_Beng,eng_Latn,indic2en,False,primary,LTRC_Plural,LTRC_Plural_primary,COMET,85.31
Category 1,Assamese to English,asm_Beng,eng_Latn,indic2en,False,primary,Winterpeg,Winterpeg_primary,BLEU,21.57
Category 1,Assamese to English,asm_Beng,eng_Latn,indic2en,False,primary,Winterpeg,Winterpeg_primary,METEOR,53.91
Category 1,Assamese to English,asm_Beng,eng_Latn,indic2en,False,primary,Winterpeg,Winterpeg_primary,TER,64.66
Category 1,Assamese to English,asm_Beng,eng_Latn,indic2en,False,primary,Winterpeg,Winterpeg_primary,CHRF++,51.34
Category 1,Assamese to English,asm_Beng,eng_Latn,indic2en,False,primary,Winterpeg,Winterpeg_primary,BERTScore,94.29
Category 1,Assamese to English,asm_Beng,eng_Latn,indic2en,False,primary,Winterpeg,Winterpeg_primary,COMET,84.85
Category 1,Assamese to English,asm_Beng,eng_Latn,indic2en,False,primary,BRS-NK,BRS-NK_primary,BLEU,21.27
Category 1,Assamese to English,asm_Beng,eng_Latn,indic2en,False,primary,BRS-NK,BRS-NK_primary,METEOR,54.3
Category 1,Assamese to English,asm_Beng,eng_Latn,indic2en,False,primary,BRS-NK,BRS-NK_primary,TER,69.4
Category 1,Assamese to English,asm_Beng,eng_Latn,indic2en,False,primary,BRS-NK,BRS-NK_primary,CHRF++,51.33
Category 1,Assamese to English,asm_Beng,eng_Latn,indic2en,False,primary,BRS-NK,BRS-NK_primary,BERTScore,94.18
Category 1,Assamese to English,asm_Beng,eng_Latn,indic2en,False,primary,BRS-NK,BRS-NK_primary,COMET,84.7
Category 1,Assamese to English,asm_Beng,eng_Latn,indic2en,True,primary,BVSLP,BVSLP_primary,BLEU,20.67
Category 1,Assamese to English,asm_Beng,eng_Latn,indic2en,True,primary,BVSLP,BVSLP_primary,METEOR,54.38
Category 1,Assamese to English,asm_Beng,eng_Latn,indic2en,True,primary,BVSLP,BVSLP_primary,TER,72.7
Category 1,Assamese to English,asm_Beng,eng_Latn,indic2en,True,primary,BVSLP,BVSLP_primary,CHRF++,51.58
Category 1,Assamese to English,asm_Beng,eng_Latn,indic2en,True,primary,BVSLP,BVSLP_primary,BERTScore,94.19
Category 1,Assamese to English,asm_Beng,eng_Latn,indic2en,True,primary,BVSLP,BVSLP_primary,COMET,84.74
Category 1,Assamese to English,asm_Beng,eng_Latn,indic2en,False,primary,MTG-LIRA,MTG-LIRA_primary,BLEU,15.04
Category 1,Assamese to English,asm_Beng,eng_Latn,indic2en,False,primary,MTG-LIRA,MTG-LIRA_primary,METEOR,43.1
Category 1,Assamese to English,asm_Beng,eng_Latn,indic2en,False,primary,MTG-LIRA,MTG-LIRA_primary,TER,80.33
Category 1,Assamese to English,asm_Beng,eng_Latn,indic2en,False,primary,MTG-LIRA,MTG-LIRA_primary,CHRF++,43.31
Category 1,Assamese to English,asm_Beng,eng_Latn,indic2en,False,primary,MTG-LIRA,MTG-LIRA_primary,BERTScore,92.41
Category 1,Assamese to English,asm_Beng,eng_Latn,indic2en,False,primary,MTG-LIRA,MTG-LIRA_primary,COMET,78.77
Category 1,Assamese to English,asm_Beng,eng_Latn,indic2en,False,primary,Akiba-NLP,Akiba-NLP_primary,BLEU,11.01
Category 1,Assamese to English,asm_Beng,eng_Latn,indic2en,False,primary,Akiba-NLP,Akiba-NLP_primary,METEOR,39.8
Category 1,Assamese to English,asm_Beng,eng_Latn,indic2en,False,primary,Akiba-NLP,Akiba-NLP_primary,TER,99.69
Category 1,Assamese to English,asm_Beng,eng_Latn,indic2en,False,primary,Akiba-NLP,Akiba-NLP_primary,CHRF++,39.18
Category 1,Assamese to English,asm_Beng,eng_Latn,indic2en,False,primary,Akiba-NLP,Akiba-NLP_primary,BERTScore,90.28
Category 1,Assamese to English,asm_Beng,eng_Latn,indic2en,False,primary,Akiba-NLP,Akiba-NLP_primary,COMET,71.81
Category 1,Assamese to English,asm_Beng,eng_Latn,indic2en,False,contrastive,gators,gators_contrastive,BLEU,27.27
Category 1,Assamese to English,asm_Beng,eng_Latn,indic2en,False,contrastive,gators,gators_contrastive,METEOR,60.51
Category 1,Assamese to English,asm_Beng,eng_Latn,indic2en,False,contrastive,gators,gators_contrastive,TER,64.77
Category 1,Assamese to English,asm_Beng,eng_Latn,indic2en,False,contrastive,gators,gators_contrastive,CHRF++,57.35
Category 1,Assamese to English,asm_Beng,eng_Latn,indic2en,False,contrastive,gators,gators_contrastive,BERTScore,95.07
Category 1,Assamese to English,asm_Beng,eng_Latn,indic2en,False,contrastive,gators,gators_contrastive,COMET,86.48
Category 1,Assamese to English,asm_Beng,eng_Latn,indic2en,False,contrastive,RozarNLP-cr7,RozarNLP-cr7_contrastive,BLEU,25.19
Category 1,Assamese to English,asm_Beng,eng_Latn,indic2en,False,contrastive,RozarNLP-cr7,RozarNLP-cr7_contrastive,METEOR,58.89
Category 1,Assamese to English,asm_Beng,eng_Latn,indic2en,False,contrastive,RozarNLP-cr7,RozarNLP-cr7_contrastive,TER,67.97
Category 1,Assamese to English,asm_Beng,eng_Latn,indic2en,False,contrastive,RozarNLP-cr7,RozarNLP-cr7_contrastive,CHRF++,55.47
Category 1,Assamese to English,asm_Beng,eng_Latn,indic2en,False,contrastive,RozarNLP-cr7,RozarNLP-cr7_contrastive,BERTScore,94.72
Category 1,Assamese to English,asm_Beng,eng_Latn,indic2en,False,contrastive,RozarNLP-cr7,RozarNLP-cr7_contrastive,COMET,85.58
Category 1,Assamese to English,asm_Beng,eng_Latn,indic2en,False,contrastive,ADI-KIIT,ADI-KIIT_contrastive,BLEU,25.11
Category 1,Assamese to English,asm_Beng,eng_Latn,indic2en,False,contrastive,ADI-KIIT,ADI-KIIT_contrastive,METEOR,58.06
Category 1,Assamese to English,asm_Beng,eng_Latn,indic2en,False,contrastive,ADI-KIIT,ADI-KIIT_contrastive,TER,67.09
Category 1,Assamese to English,asm_Beng,eng_Latn,indic2en,False,contrastive,ADI-KIIT,ADI-KIIT_contrastive,CHRF++,54.87
Category 1,Assamese to English,asm_Beng,eng_Latn,indic2en,False,contrastive,ADI-KIIT,ADI-KIIT_contrastive,BERTScore,94.71
Category 1,Assamese to English,asm_Beng,eng_Latn,indic2en,False,contrastive,ADI-KIIT,ADI-KIIT_contrastive,COMET,85.51
Category 1,Assamese to English,asm_Beng,eng_Latn,indic2en,False,contrastive,DoDS-IITPKD,DoDS-IITPKD_contrastive,BLEU,24.91
Category 1,Assamese to English,asm_Beng,eng_Latn,indic2en,False,contrastive,DoDS-IITPKD,DoDS-IITPKD_contrastive,METEOR,59.7
Category 1,Assamese to English,asm_Beng,eng_Latn,indic2en,False,contrastive,DoDS-IITPKD,DoDS-IITPKD_contrastive,TER,67.77
Category 1,Assamese to English,asm_Beng,eng_Latn,indic2en,False,contrastive,DoDS-IITPKD,DoDS-IITPKD_contrastive,CHRF++,55.92
Category 1,Assamese to English,asm_Beng,eng_Latn,indic2en,False,contrastive,DoDS-IITPKD,DoDS-IITPKD_contrastive,BERTScore,94.81
Category 1,Assamese to English,asm_Beng,eng_Latn,indic2en,False,contrastive,DoDS-IITPKD,DoDS-IITPKD_contrastive,COMET,85.88
Category 1,Assamese to English,asm_Beng,eng_Latn,indic2en,False,constrained,DoDS-IITPKD,DoDS-IITPKD_constrained,BLEU,24.21
Category 1,Assamese to English,asm_Beng,eng_Latn,indic2en,False,constrained,DoDS-IITPKD,DoDS-IITPKD_constrained,METEOR,59.44
Category 1,Assamese to English,asm_Beng,eng_Latn,indic2en,False,constrained,DoDS-IITPKD,DoDS-IITPKD_constrained,TER,68.19
Category 1,Assamese to English,asm_Beng,eng_Latn,indic2en,False,constrained,DoDS-IITPKD,DoDS-IITPKD_constrained,CHRF++,55.5
Category 1,Assamese to English,asm_Beng,eng_Latn,indic2en,False,constrained,DoDS-IITPKD,DoDS-IITPKD_constrained,BERTScore,94.76
Category 1,Assamese to English,asm_Beng,eng_Latn,indic2en,False,constrained,DoDS-IITPKD,DoDS-IITPKD_constrained,COMET,85.77
Category 1,Assamese to English,asm_Beng,eng_Latn,indic2en,False,contrastive,LTRC_Plural,LTRC_Plural_contrastive_1,BLEU,23.27
Category 1,Assamese to English,asm_Beng,eng_Latn,indic2en,False,contrastive,LTRC_Plural,LTRC_Plural_contrastive_1,METEOR,56.61
Category 1,Assamese to English,asm_Beng,eng_Latn,indic2en,False,contrastive,LTRC_Plural,LTRC_Plural_contrastive_1,TER,68.75
Category 1,Assamese to English,asm_Beng,eng_Latn,indic2en,False,contrastive,LTRC_Plural,LTRC_Plural_contrastive_1,CHRF++,53.48
Category 1,Assamese to English,asm_Beng,eng_Latn,indic2en,False,contrastive,LTRC_Plural,LTRC_Plural_contrastive_1,BERTScore,94.45
Category 1,Assamese to English,asm_Beng,eng_Latn,indic2en,False,contrastive,LTRC_Plural,LTRC_Plural_contrastive_1,COMET,85.1
Category 1,Assamese to English,asm_Beng,eng_Latn,indic2en,False,contrastive,BRS-NK,BRS-NK_contrastive,BLEU,23.13
Category 1,Assamese to English,asm_Beng,eng_Latn,indic2en,False,contrastive,BRS-NK,BRS-NK_contrastive,METEOR,56.17
Category 1,Assamese to English,asm_Beng,eng_Latn,indic2en,False,contrastive,BRS-NK,BRS-NK_contrastive,TER,68.93
Category 1,Assamese to English,asm_Beng,eng_Latn,indic2en,False,contrastive,BRS-NK,BRS-NK_contrastive,CHRF++,52.97
Category 1,Assamese to English,asm_Beng,eng_Latn,indic2en,False,contrastive,BRS-NK,BRS-NK_contrastive,BERTScore,94.37
Category 1,Assamese to English,asm_Beng,eng_Latn,indic2en,False,contrastive,BRS-NK,BRS-NK_contrastive,COMET,84.97
Category 1,Assamese to English,asm_Beng,eng_Latn,indic2en,True,contrastive,BVSLP,BVSLP_contrastive,BLEU,19.74
Category 1,Assamese to English,asm_Beng,eng_Latn,indic2en,True,contrastive,BVSLP,BVSLP_contrastive,METEOR,53.09
Category 1,Assamese to English,asm_Beng,eng_Latn,indic2en,True,contrastive,BVSLP,BVSLP_contrastive,TER,80.81
Category 1,Assamese to English,asm_Beng,eng_Latn,indic2en,True,contrastive,BVSLP,BVSLP_contrastive,CHRF++,50.71
Category 1,Assamese to English,asm_Beng,eng_Latn,indic2en,True,contrastive,BVSLP,BVSLP_contrastive,BERTScore,93.25
Category 1,Assamese to English,asm_Beng,eng_Latn,indic2en,True,contrastive,BVSLP,BVSLP_contrastive,COMET,82.26
Category 1,Assamese to English,asm_Beng,eng_Latn,indic2en,False,contrastive,LTRC_Plural,LTRC_Plural_contrastive_2,BLEU,18.99
Category 1,Assamese to English,asm_Beng,eng_Latn,indic2en,False,contrastive,LTRC_Plural,LTRC_Plural_contrastive_2,METEOR,53.05
Category 1,Assamese to English,asm_Beng,eng_Latn,indic2en,False,contrastive,LTRC_Plural,LTRC_Plural_contrastive_2,TER,84.35
Category 1,Assamese to English,asm_Beng,eng_Latn,indic2en,False,contrastive,LTRC_Plural,LTRC_Plural_contrastive_2,CHRF++,50.8
Category 1,Assamese to English,asm_Beng,eng_Latn,indic2en,False,contrastive,LTRC_Plural,LTRC_Plural_contrastive_2,BERTScore,93.22
Category 1,Assamese to English,asm_Beng,eng_Latn,indic2en,False,contrastive,LTRC_Plural,LTRC_Plural_contrastive_2,COMET,81.98
Category 1,Assamese to English,asm_Beng,eng_Latn,indic2en,False,contrastive,Akiba-NLP,Akiba-NLP_contrastive2,BLEU,10.47
Category 1,Assamese to English,asm_Beng,eng_Latn,indic2en,False,contrastive,Akiba-NLP,Akiba-NLP_contrastive2,METEOR,40.24
Category 1,Assamese to English,asm_Beng,eng_Latn,indic2en,False,contrastive,Akiba-NLP,Akiba-NLP_contrastive2,TER,99.71
Category 1,Assamese to English,asm_Beng,eng_Latn,indic2en,False,contrastive,Akiba-NLP,Akiba-NLP_contrastive2,CHRF++,39.81
Category 1,Assamese to English,asm_Beng,eng_Latn,indic2en,False,contrastive,Akiba-NLP,Akiba-NLP_contrastive2,BERTScore,90.63
Category 1,Assamese to English,asm_Beng,eng_Latn,indic2en,False,contrastive,Akiba-NLP,Akiba-NLP_contrastive2,COMET,73.08
Category 1,Assamese to English,asm_Beng,eng_Latn,indic2en,False,contrastive,Akiba-NLP,Akiba-NLP_contrastive1,BLEU,6.06
Category 1,Assamese to English,asm_Beng,eng_Latn,indic2en,False,contrastive,Akiba-NLP,Akiba-NLP_contrastive1,METEOR,30.03
Category 1,Assamese to English,asm_Beng,eng_Latn,indic2en,False,contrastive,Akiba-NLP,Akiba-NLP_contrastive1,TER,122.98
Category 1,Assamese to English,asm_Beng,eng_Latn,indic2en,False,contrastive,Akiba-NLP,Akiba-NLP_contrastive1,CHRF++,31.98
Category 1,Assamese to English,asm_Beng,eng_Latn,indic2en,False,contrastive,Akiba-NLP,Akiba-NLP_contrastive1,BERTScore,88.17
Category 1,Assamese to English,asm_Beng,eng_Latn,indic2en,False,contrastive,Akiba-NLP,Akiba-NLP_contrastive1,COMET,64.46
Category 1,English to Mizo,eng_Latn,lus_Latn,en2indic,False,primary,gators,gators_primary,BLEU,21.11
Category 1,English to Mizo,eng_Latn,lus_Latn,en2indic,False,primary,gators,gators_primary,METEOR,47.51
Category 1,English to Mizo,eng_Latn,lus_Latn,en2indic,False,primary,gators,gators_primary,TER,65.94
Category 1,English to Mizo,eng_Latn,lus_Latn,en2indic,False,primary,gators,gators_primary,CHRF++,50.49
Category 1,English to Mizo,eng_Latn,lus_Latn,en2indic,False,primary,gators,gators_primary,BERTScore,81.97
Category 1,English to Mizo,eng_Latn,lus_Latn,en2indic,False,primary,gators,gators_primary,COMET,66.77
Category 1,English to Mizo,eng_Latn,lus_Latn,en2indic,False,primary,Winterpeg,Winterpeg_primary,BLEU,19.66
Category 1,English to Mizo,eng_Latn,lus_Latn,en2indic,False,primary,Winterpeg,Winterpeg_primary,METEOR,45.78
Category 1,English to Mizo,eng_Latn,lus_Latn,en2indic,False,primary,Winterpeg,Winterpeg_primary,TER,66.41
Category 1,English to Mizo,eng_Latn,lus_Latn,en2indic,False,primary,Winterpeg,Winterpeg_primary,CHRF++,47.74
Category 1,English to Mizo,eng_Latn,lus_Latn,en2indic,False,primary,Winterpeg,Winterpeg_primary,BERTScore,81.06
Category 1,English to Mizo,eng_Latn,lus_Latn,en2indic,False,primary,Winterpeg,Winterpeg_primary,COMET,63.86
Category 1,English to Mizo,eng_Latn,lus_Latn,en2indic,False,primary,Decepticons-IIITH,Decepticons-IIITH_primary,BLEU,19.53
Category 1,English to Mizo,eng_Latn,lus_Latn,en2indic,False,primary,Decepticons-IIITH,Decepticons-IIITH_primary,METEOR,46.11
Category 1,English to Mizo,eng_Latn,lus_Latn,en2indic,False,primary,Decepticons-IIITH,Decepticons-IIITH_primary,TER,71.37
Category 1,English to Mizo,eng_Latn,lus_Latn,en2indic,False,primary,Decepticons-IIITH,Decepticons-IIITH_primary,CHRF++,48.49
Category 1,English to Mizo,eng_Latn,lus_Latn,en2indic,False,primary,Decepticons-IIITH,Decepticons-IIITH_primary,BERTScore,81.72
Category 1,English to Mizo,eng_Latn,lus_Latn,en2indic,False,primary,Decepticons-IIITH,Decepticons-IIITH_primary,COMET,62.45
Category 1,English to Mizo,eng_Latn,lus_Latn,en2indic,False,primary,RozarNLP-cr7,RozarNLP-cr7_primary,BLEU,19.33
Category 1,English to Mizo,eng_Latn,lus_Latn,en2indic,False,primary,RozarNLP-cr7,RozarNLP-cr7_primary,METEOR,46.08
Category 1,English to Mizo,eng_Latn,lus_Latn,en2indic,False,primary,RozarNLP-cr7,RozarNLP-cr7_primary,TER,67.11
Category 1,English to Mizo,eng_Latn,lus_Latn,en2indic,False,primary,RozarNLP-cr7,RozarNLP-cr7_primary,CHRF++,47.93
Category 1,English to Mizo,eng_Latn,lus_Latn,en2indic,False,primary,RozarNLP-cr7,RozarNLP-cr7_primary,BERTScore,81.24
Category 1,English to Mizo,eng_Latn,lus_Latn,en2indic,False,primary,RozarNLP-cr7,RozarNLP-cr7_primary,COMET,64.68
Category 1,English to Mizo,eng_Latn,lus_Latn,en2indic,False,primary,KrenTransV0-1,KrenTransV0-1_primary,BLEU,19.06
Category 1,English to Mizo,eng_Latn,lus_Latn,en2indic,False,primary,KrenTransV0-1,KrenTransV0-1_primary,METEOR,45.25
Category 1,English to Mizo,eng_Latn,lus_Latn,en2indic,False,primary,KrenTransV0-1,KrenTransV0-1_primary,TER,67.81
Category 1,English to Mizo,eng_Latn,lus_Latn,en2indic,False,primary,KrenTransV0-1,KrenTransV0-1_primary,CHRF++,47.38
Category 1,English to Mizo,eng_Latn,lus_Latn,en2indic,False,primary,KrenTransV0-1,KrenTransV0-1_primary,BERTScore,80.94
Category 1,English to Mizo,eng_Latn,lus_Latn,en2indic,False,primary,KrenTransV0-1,KrenTransV0-1_primary,COMET,64.08
Category 1,English to Mizo,eng_Latn,lus_Latn,en2indic,False,primary,LTRC_Plural,LTRC_Plural_primary,BLEU,19.02
Category 1,English to Mizo,eng_Latn,lus_Latn,en2indic,False,primary,LTRC_Plural,LTRC_Plural_primary,METEOR,45.81
Category 1,English to Mizo,eng_Latn,lus_Latn,en2indic,False,primary,LTRC_Plural,LTRC_Plural_primary,TER,68.81
Category 1,English to Mizo,eng_Latn,lus_Latn,en2indic,False,primary,LTRC_Plural,LTRC_Plural_primary,CHRF++,48.07
Category 1,English to Mizo,eng_Latn,lus_Latn,en2indic,False,primary,LTRC_Plural,LTRC_Plural_primary,BERTScore,81.44
Category 1,English to Mizo,eng_Latn,lus_Latn,en2indic,False,primary,LTRC_Plural,LTRC_Plural_primary,COMET,65.29
Category 1,English to Mizo,eng_Latn,lus_Latn,en2indic,False,primary,DoDS-IITPKD,DoDS-IITPKD_primary,BLEU,18.75
Category 1,English to Mizo,eng_Latn,lus_Latn,en2indic,False,primary,DoDS-IITPKD,DoDS-IITPKD_primary,METEOR,45.36
Category 1,English to Mizo,eng_Latn,lus_Latn,en2indic,False,primary,DoDS-IITPKD,DoDS-IITPKD_primary,TER,69.19
Category 1,English to Mizo,eng_Latn,lus_Latn,en2indic,False,primary,DoDS-IITPKD,DoDS-IITPKD_primary,CHRF++,48.56
Category 1,English to Mizo,eng_Latn,lus_Latn,en2indic,False,primary,DoDS-IITPKD,DoDS-IITPKD_primary,BERTScore,81.47
Category 1,English to Mizo,eng_Latn,lus_Latn,en2indic,False,primary,DoDS-IITPKD,DoDS-IITPKD_primary,COMET,64.74
Category 1,English to Mizo,eng_Latn,lus_Latn,en2indic,True,primary,BVSLP,BVSLP_primary,BLEU,16.29
Category 1,English to Mizo,eng_Latn,lus_Latn,en2indic,True,primary,BVSLP,BVSLP_primary,METEOR,42.6
Category 1,English to Mizo,eng_Latn,lus_Latn,en2indic,True,primary,BVSLP,BVSLP_primary,TER,74.2
Category 1,English to Mizo,eng_Latn,lus_Latn,en2indic,True,primary,BVSLP,BVSLP_primary,CHRF++,43.98
Category 1,English to Mizo,eng_Latn,lus_Latn,en2indic,True,primary,BVSLP,BVSLP_primary,BERTScore,79.92
Category 1,English to Mizo,eng_Latn,lus_Latn,en2indic,True,primary,BVSLP,BVSLP_primary,COMET,63.26
Category 1,English to Mizo,eng_Latn,lus_Latn,en2indic,False,primary,MTG-LIRA,MTG-LIRA_primary,BLEU,16.2
Category 1,English to Mizo,eng_Latn,lus_Latn,en2indic,False,primary,MTG-LIRA,MTG-LIRA_primary,METEOR,39.35
Category 1,English to Mizo,eng_Latn,lus_Latn,en2indic,False,primary,MTG-LIRA,MTG-LIRA_primary,TER,74.95
Category 1,English to Mizo,eng_Latn,lus_Latn,en2indic,False,primary,MTG-LIRA,MTG-LIRA_primary,CHRF++,42.06
Category 1,English to Mizo,eng_Latn,lus_Latn,en2indic,False,primary,MTG-LIRA,MTG-LIRA_primary,BERTScore,78.96
Category 1,English to Mizo,eng_Latn,lus_Latn,en2indic,False,primary,MTG-LIRA,MTG-LIRA_primary,COMET,61.21
Category 1,English to Mizo,eng_Latn,lus_Latn,en2indic,False,contrastive,LTRC_Plural,LTRC_Plural_contrastive_1,BLEU,22.85
Category 1,English to Mizo,eng_Latn,lus_Latn,en2indic,False,contrastive,LTRC_Plural,LTRC_Plural_contrastive_1,METEOR,49.16
Category 1,English to Mizo,eng_Latn,lus_Latn,en2indic,False,contrastive,LTRC_Plural,LTRC_Plural_contrastive_1,TER,63.32
Category 1,English to Mizo,eng_Latn,lus_Latn,en2indic,False,contrastive,LTRC_Plural,LTRC_Plural_contrastive_1,CHRF++,51.02
Category 1,English to Mizo,eng_Latn,lus_Latn,en2indic,False,contrastive,LTRC_Plural,LTRC_Plural_contrastive_1,BERTScore,82.39
Category 1,English to Mizo,eng_Latn,lus_Latn,en2indic,False,contrastive,LTRC_Plural,LTRC_Plural_contrastive_1,COMET,65.35
Category 1,English to Mizo,eng_Latn,lus_Latn,en2indic,False,contrastive,MTG-LIRA,MTG-LIRA_constrastive,BLEU,22.72
Category 1,English to Mizo,eng_Latn,lus_Latn,en2indic,False,contrastive,MTG-LIRA,MTG-LIRA_constrastive,METEOR,48.94
Category 1,English to Mizo,eng_Latn,lus_Latn,en2indic,False,contrastive,MTG-LIRA,MTG-LIRA_constrastive,TER,64.0
Category 1,English to Mizo,eng_Latn,lus_Latn,en2indic,False,contrastive,MTG-LIRA,MTG-LIRA_constrastive,CHRF++,51.1
Category 1,English to Mizo,eng_Latn,lus_Latn,en2indic,False,contrastive,MTG-LIRA,MTG-LIRA_constrastive,BERTScore,82.02
Category 1,English to Mizo,eng_Latn,lus_Latn,en2indic,False,contrastive,MTG-LIRA,MTG-LIRA_constrastive,COMET,65.0
Category 1,English to Mizo,eng_Latn,lus_Latn,en2indic,False,contrastive,gators,gators_contrastive,BLEU,21.6
Category 1,English to Mizo,eng_Latn,lus_Latn,en2indic,False,contrastive,gators,gators_contrastive,METEOR,47.72
Category 1,English to Mizo,eng_Latn,lus_Latn,en2indic,False,contrastive,gators,gators_contrastive,TER,65.31
Category 1,English to Mizo,eng_Latn,lus_Latn,en2indic,False,contrastive,gators,gators_contrastive,CHRF++,50.69
Category 1,English to Mizo,eng_Latn,lus_Latn,en2indic,False,contrastive,gators,gators_contrastive,BERTScore,81.94
Category 1,English to Mizo,eng_Latn,lus_Latn,en2indic,False,contrastive,gators,gators_contrastive,COMET,66.83
Category 1,English to Mizo,eng_Latn,lus_Latn,en2indic,False,contrastive,Decepticons-IIITH,Decepticons-IIITH_contrastive,BLEU,19.41
Category 1,English to Mizo,eng_Latn,lus_Latn,en2indic,False,contrastive,Decepticons-IIITH,Decepticons-IIITH_contrastive,METEOR,46.23
Category 1,English to Mizo,eng_Latn,lus_Latn,en2indic,False,contrastive,Decepticons-IIITH,Decepticons-IIITH_contrastive,TER,73.81
Category 1,English to Mizo,eng_Latn,lus_Latn,en2indic,False,contrastive,Decepticons-IIITH,Decepticons-IIITH_contrastive,CHRF++,48.79
Category 1,English to Mizo,eng_Latn,lus_Latn,en2indic,False,contrastive,Decepticons-IIITH,Decepticons-IIITH_contrastive,BERTScore,81.74
Category 1,English to Mizo,eng_Latn,lus_Latn,en2indic,False,contrastive,Decepticons-IIITH,Decepticons-IIITH_contrastive,COMET,63.45
Category 1,English to Mizo,eng_Latn,lus_Latn,en2indic,False,contrastive,DoDS-IITPKD,DoDS-IITPKD_contrastive2,BLEU,18.77
Category 1,English to Mizo,eng_Latn,lus_Latn,en2indic,False,contrastive,DoDS-IITPKD,DoDS-IITPKD_contrastive2,METEOR,45.43
Category 1,English to Mizo,eng_Latn,lus_Latn,en2indic,False,contrastive,DoDS-IITPKD,DoDS-IITPKD_contrastive2,TER,69.08
Category 1,English to Mizo,eng_Latn,lus_Latn,en2indic,False,contrastive,DoDS-IITPKD,DoDS-IITPKD_contrastive2,CHRF++,48.57
Category 1,English to Mizo,eng_Latn,lus_Latn,en2indic,False,contrastive,DoDS-IITPKD,DoDS-IITPKD_contrastive2,BERTScore,81.48
Category 1,English to Mizo,eng_Latn,lus_Latn,en2indic,False,contrastive,DoDS-IITPKD,DoDS-IITPKD_contrastive2,COMET,64.75
Category 1,English to Mizo,eng_Latn,lus_Latn,en2indic,False,contrastive,DoDS-IITPKD,DoDS-IITPKD_contrastive,BLEU,18.23
Category 1,English to Mizo,eng_Latn,lus_Latn,en2indic,False,contrastive,DoDS-IITPKD,DoDS-IITPKD_contrastive,METEOR,45.09
Category 1,English to Mizo,eng_Latn,lus_Latn,en2indic,False,contrastive,DoDS-IITPKD,DoDS-IITPKD_contrastive,TER,68.89
Category 1,English to Mizo,eng_Latn,lus_Latn,en2indic,False,contrastive,DoDS-IITPKD,DoDS-IITPKD_contrastive,CHRF++,47.98
Category 1,English to Mizo,eng_Latn,lus_Latn,en2indic,False,contrastive,DoDS-IITPKD,DoDS-IITPKD_contrastive,BERTScore,81.56
Category 1,English to Mizo,eng_Latn,lus_Latn,en2indic,False,contrastive,DoDS-IITPKD,DoDS-IITPKD_contrastive,COMET,65.01
Category 1,English to Mizo,eng_Latn,lus_Latn,en2indic,False,contrastive,RozarNLP-cr7,RozarNLP-cr7_contrastive,BLEU,16.66
Category 1,English to Mizo,eng_Latn,lus_Latn,en2indic,False,contrastive,RozarNLP-cr7,RozarNLP-cr7_contrastive,METEOR,41.85
Category 1,English to Mizo,eng_Latn,lus_Latn,en2indic,False,contrastive,RozarNLP-cr7,RozarNLP-cr7_contrastive,TER,70.5
Category 1,English to Mizo,eng_Latn,lus_Latn,en2indic,False,contrastive,RozarNLP-cr7,RozarNLP-cr7_contrastive,CHRF++,45.39
Category 1,English to Mizo,eng_Latn,lus_Latn,en2indic,False,contrastive,RozarNLP-cr7,RozarNLP-cr7_contrastive,BERTScore,80.05
Category 1,English to Mizo,eng_Latn,lus_Latn,en2indic,False,contrastive,RozarNLP-cr7,RozarNLP-cr7_contrastive,COMET,64.48
Category 1,English to Mizo,eng_Latn,lus_Latn,en2indic,False,contrastive,LTRC_Plural,LTRC_Plural_contrastive_2,BLEU,16.47
Category 1,English to Mizo,eng_Latn,lus_Latn,en2indic,False,contrastive,LTRC_Plural,LTRC_Plural_contrastive_2,METEOR,41.93
Category 1,English to Mizo,eng_Latn,lus_Latn,en2indic,False,contrastive,LTRC_Plural,LTRC_Plural_contrastive_2,TER,79.44
Category 1,English to Mizo,eng_Latn,lus_Latn,en2indic,False,contrastive,LTRC_Plural,LTRC_Plural_contrastive_2,CHRF++,44.96
Category 1,English to Mizo,eng_Latn,lus_Latn,en2indic,False,contrastive,LTRC_Plural,LTRC_Plural_contrastive_2,BERTScore,79.94
Category 1,English to Mizo,eng_Latn,lus_Latn,en2indic,False,contrastive,LTRC_Plural,LTRC_Plural_contrastive_2,COMET,61.91
Category 1,English to Mizo,eng_Latn,lus_Latn,en2indic,True,contrastive,BVSLP,BVSLP_contrastive,BLEU,15.08
Category 1,English to Mizo,eng_Latn,lus_Latn,en2indic,True,contrastive,BVSLP,BVSLP_contrastive,METEOR,42.72
Category 1,English to Mizo,eng_Latn,lus_Latn,en2indic,True,contrastive,BVSLP,BVSLP_contrastive,TER,87.24
Category 1,English to Mizo,eng_Latn,lus_Latn,en2indic,True,contrastive,BVSLP,BVSLP_contrastive,CHRF++,45.35
Category 1,English to Mizo,eng_Latn,lus_Latn,en2indic,True,contrastive,BVSLP,BVSLP_contrastive,BERTScore,80.06
Category 1,English to Mizo,eng_Latn,lus_Latn,en2indic,True,contrastive,BVSLP,BVSLP_contrastive,COMET,64.12
Category 1,Mizo to English,lus_Latn,eng_Latn,indic2en,False,primary,gators,gators_primary,BLEU,33.46
Category 1,Mizo to English,lus_Latn,eng_Latn,indic2en,False,primary,gators,gators_primary,METEOR,68.35
Category 1,Mizo to English,lus_Latn,eng_Latn,indic2en,False,primary,gators,gators_primary,TER,55.18
Category 1,Mizo to English,lus_Latn,eng_Latn,indic2en,False,primary,gators,gators_primary,CHRF++,63.36
Category 1,Mizo to English,lus_Latn,eng_Latn,indic2en,False,primary,gators,gators_primary,BERTScore,95.8
Category 1,Mizo to English,lus_Latn,eng_Latn,indic2en,False,primary,gators,gators_primary,COMET,81.62
Category 1,Mizo to English,lus_Latn,eng_Latn,indic2en,False,primary,RozarNLP-cr7,RozarNLP-cr7_primary,BLEU,31.4
Category 1,Mizo to English,lus_Latn,eng_Latn,indic2en,False,primary,RozarNLP-cr7,RozarNLP-cr7_primary,METEOR,65.18
Category 1,Mizo to English,lus_Latn,eng_Latn,indic2en,False,primary,RozarNLP-cr7,RozarNLP-cr7_primary,TER,56.15
Category 1,Mizo to English,lus_Latn,eng_Latn,indic2en,False,primary,RozarNLP-cr7,RozarNLP-cr7_primary,CHRF++,60.08
Category 1,Mizo to English,lus_Latn,eng_Latn,indic2en,False,primary,RozarNLP-cr7,RozarNLP-cr7_primary,BERTScore,95.35
Category 1,Mizo to English,lus_Latn,eng_Latn,indic2en,False,primary,RozarNLP-cr7,RozarNLP-cr7_primary,COMET,79.94
Category 1,Mizo to English,lus_Latn,eng_Latn,indic2en,False,primary,TIP-RBG-AI,TIP-RBG-AI_primary,BLEU,31.05
Category 1,Mizo to English,lus_Latn,eng_Latn,indic2en,False,primary,TIP-RBG-AI,TIP-RBG-AI_primary,METEOR,64.53
Category 1,Mizo to English,lus_Latn,eng_Latn,indic2en,False,primary,TIP-RBG-AI,TIP-RBG-AI_primary,TER,57.51
Category 1,Mizo to English,lus_Latn,eng_Latn,indic2en,False,primary,TIP-RBG-AI,TIP-RBG-AI_primary,CHRF++,60.0
Category 1,Mizo to English,lus_Latn,eng_Latn,indic2en,False,primary,TIP-RBG-AI,TIP-RBG-AI_primary,BERTScore,95.37
Category 1,Mizo to English,lus_Latn,eng_Latn,indic2en,False,primary,TIP-RBG-AI,TIP-RBG-AI_primary,COMET,79.67
Category 1,Mizo to English,lus_Latn,eng_Latn,indic2en,False,primary,Winterpeg,Winterpeg_primary,BLEU,30.53
Category 1,Mizo to English,lus_Latn,eng_Latn,indic2en,False,primary,Winterpeg,Winterpeg_primary,METEOR,63.2
Category 1,Mizo to English,lus_Latn,eng_Latn,indic2en,False,primary,Winterpeg,Winterpeg_primary,TER,52.32
Category 1,Mizo to English,lus_Latn,eng_Latn,indic2en,False,primary,Winterpeg,Winterpeg_primary,CHRF++,58.96
Category 1,Mizo to English,lus_Latn,eng_Latn,indic2en,False,primary,Winterpeg,Winterpeg_primary,BERTScore,95.29
Category 1,Mizo to English,lus_Latn,eng_Latn,indic2en,False,primary,Winterpeg,Winterpeg_primary,COMET,79.34
Category 1,Mizo to English,lus_Latn,eng_Latn,indic2en,False,primary,LTRC_Plural,LTRC_Plural_primary,BLEU,28.07
Category 1,Mizo to English,lus_Latn,eng_Latn,indic2en,False,primary,LTRC_Plural,LTRC_Plural_primary,METEOR,62.31
Category 1,Mizo to English,lus_Latn,eng_Latn,indic2en,False,primary,LTRC_Plural,LTRC_Plural_primary,TER,61.86
Category 1,Mizo to English,lus_Latn,eng_Latn,indic2en,False,primary,LTRC_Plural,LTRC_Plural_primary,CHRF++,58.49
Category 1,Mizo to English,lus_Latn,eng_Latn,indic2en,False,primary,LTRC_Plural,LTRC_Plural_primary,BERTScore,94.98
Category 1,Mizo to English,lus_Latn,eng_Latn,indic2en,False,primary,LTRC_Plural,LTRC_Plural_primary,COMET,79.05
Category 1,Mizo to English,lus_Latn,eng_Latn,indic2en,False,primary,DoDS-IITPKD,DoDS-IITPKD_primary,BLEU,27.65
Category 1,Mizo to English,lus_Latn,eng_Latn,indic2en,False,primary,DoDS-IITPKD,DoDS-IITPKD_primary,METEOR,63.24
Category 1,Mizo to English,lus_Latn,eng_Latn,indic2en,False,primary,DoDS-IITPKD,DoDS-IITPKD_primary,TER,62.39
Category 1,Mizo to English,lus_Latn,eng_Latn,indic2en,False,primary,DoDS-IITPKD,DoDS-IITPKD_primary,CHRF++,59.15
Category 1,Mizo to English,lus_Latn,eng_Latn,indic2en,False,primary,DoDS-IITPKD,DoDS-IITPKD_primary,BERTScore,95.01
Category 1,Mizo to English,lus_Latn,eng_Latn,indic2en,False,primary,DoDS-IITPKD,DoDS-IITPKD_primary,COMET,79.43
Category 1,Mizo to English,lus_Latn,eng_Latn,indic2en,True,primary,BVSLP,BVSLP_primary,BLEU,24.85
Category 1,Mizo to English,lus_Latn,eng_Latn,indic2en,True,primary,BVSLP,BVSLP_primary,METEOR,59.44
Category 1,Mizo to English,lus_Latn,eng_Latn,indic2en,True,primary,BVSLP,BVSLP_primary,TER,65.0
Category 1,Mizo to English,lus_Latn,eng_Latn,indic2en,True,primary,BVSLP,BVSLP_primary,CHRF++,55.5
Category 1,Mizo to English,lus_Latn,eng_Latn,indic2en,True,primary,BVSLP,BVSLP_primary,BERTScore,94.74
Category 1,Mizo to English,lus_Latn,eng_Latn,indic2en,True,primary,BVSLP,BVSLP_primary,COMET,78.91
Category 1,Mizo to English,lus_Latn,eng_Latn,indic2en,True,primary,VoxNexus-Translate,VoxNexus-Translate_primary,BLEU,22.43
Category 1,Mizo to English,lus_Latn,eng_Latn,indic2en,True,primary,VoxNexus-Translate,VoxNexus-Translate_primary,METEOR,52.01
Category 1,Mizo to English,lus_Latn,eng_Latn,indic2en,True,primary,VoxNexus-Translate,VoxNexus-Translate_primary,TER,63.42
Category 1,Mizo to English,lus_Latn,eng_Latn,indic2en,True,primary,VoxNexus-Translate,VoxNexus-Translate_primary,CHRF++,48.89
Category 1,Mizo to English,lus_Latn,eng_Latn,indic2en,True,primary,VoxNexus-Translate,VoxNexus-Translate_primary,BERTScore,94.58
Category 1,Mizo to English,lus_Latn,eng_Latn,indic2en,True,primary,VoxNexus-Translate,VoxNexus-Translate_primary,COMET,77.53
Category 1,Mizo to English,lus_Latn,eng_Latn,indic2en,False,contrastive,LTRC_Plural,LTRC_Plural_contrastive_1,BLEU,33.45
Category 1,Mizo to English,lus_Latn,eng_Latn,indic2en,False,contrastive,LTRC_Plural,LTRC_Plural_contrastive_1,METEOR,66.75
Category 1,Mizo to English,lus_Latn,eng_Latn,indic2en,False,contrastive,LTRC_Plural,LTRC_Plural_contrastive_1,TER,54.63
Category 1,Mizo to English,lus_Latn,eng_Latn,indic2en,False,contrastive,LTRC_Plural,LTRC_Plural_contrastive_1,CHRF++,62.17
Category 1,Mizo to English,lus_Latn,eng_Latn,indic2en,False,contrastive,LTRC_Plural,LTRC_Plural_contrastive_1,BERTScore,95.54
Category 1,Mizo to English,lus_Latn,eng_Latn,indic2en,False,contrastive,LTRC_Plural,LTRC_Plural_contrastive_1,COMET,80.3
Category 1,Mizo to English,lus_Latn,eng_Latn,indic2en,False,contrastive,gators,gators_contrastive,BLEU,33.28
Category 1,Mizo to English,lus_Latn,eng_Latn,indic2en,False,contrastive,gators,gators_contrastive,METEOR,68.41
Category 1,Mizo to English,lus_Latn,eng_Latn,indic2en,False,contrastive,gators,gators_contrastive,TER,55.4
Category 1,Mizo to English,lus_Latn,eng_Latn,indic2en,False,contrastive,gators,gators_contrastive,CHRF++,63.36
Category 1,Mizo to English,lus_Latn,eng_Latn,indic2en,False,contrastive,gators,gators_contrastive,BERTScore,95.78
Category 1,Mizo to English,lus_Latn,eng_Latn,indic2en,False,contrastive,gators,gators_contrastive,COMET,81.64
Category 1,Mizo to English,lus_Latn,eng_Latn,indic2en,False,contrastive,DoDS-IITPKD,DoDS-IITPKD_contrastive2,BLEU,31.6
Category 1,Mizo to English,lus_Latn,eng_Latn,indic2en,False,contrastive,DoDS-IITPKD,DoDS-IITPKD_contrastive2,METEOR,65.29
Category 1,Mizo to English,lus_Latn,eng_Latn,indic2en,False,contrastive,DoDS-IITPKD,DoDS-IITPKD_contrastive2,TER,55.72
Category 1,Mizo to English,lus_Latn,eng_Latn,indic2en,False,contrastive,DoDS-IITPKD,DoDS-IITPKD_contrastive2,CHRF++,60.8
Category 1,Mizo to English,lus_Latn,eng_Latn,indic2en,False,contrastive,DoDS-IITPKD,DoDS-IITPKD_contrastive2,BERTScore,95.72
Category 1,Mizo to English,lus_Latn,eng_Latn,indic2en,False,contrastive,DoDS-IITPKD,DoDS-IITPKD_contrastive2,COMET,81.53
Category 1,Mizo to English,lus_Latn,eng_Latn,indic2en,False,contrastive,DoDS-IITPKD,DoDS-IITPKD_contrastive,BLEU,30.18
Category 1,Mizo to English,lus_Latn,eng_Latn,indic2en,False,contrastive,DoDS-IITPKD,DoDS-IITPKD_contrastive,METEOR,62.6
Category 1,Mizo to English,lus_Latn,eng_Latn,indic2en,False,contrastive,DoDS-IITPKD,DoDS-IITPKD_contrastive,TER,57.38
Category 1,Mizo to English,lus_Latn,eng_Latn,indic2en,False,contrastive,DoDS-IITPKD,DoDS-IITPKD_contrastive,CHRF++,58.74
Category 1,Mizo to English,lus_Latn,eng_Latn,indic2en,False,contrastive,DoDS-IITPKD,DoDS-IITPKD_contrastive,BERTScore,95.27
Category 1,Mizo to English,lus_Latn,eng_Latn,indic2en,False,contrastive,DoDS-IITPKD,DoDS-IITPKD_contrastive,COMET,79.37
Category 1,Mizo to English,lus_Latn,eng_Latn,indic2en,False,contrastive,RozarNLP-cr7,RozarNLP-cr7_contrastive,BLEU,27.59
Category 1,Mizo to English,lus_Latn,eng_Latn,indic2en,False,contrastive,RozarNLP-cr7,RozarNLP-cr7_contrastive,METEOR,60.89
Category 1,Mizo to English,lus_Latn,eng_Latn,indic2en,False,contrastive,RozarNLP-cr7,RozarNLP-cr7_contrastive,TER,61.34
Category 1,Mizo to English,lus_Latn,eng_Latn,indic2en,False,contrastive,RozarNLP-cr7,RozarNLP-cr7_contrastive,CHRF++,56.87
Category 1,Mizo to English,lus_Latn,eng_Latn,indic2en,False,contrastive,RozarNLP-cr7,RozarNLP-cr7_contrastive,BERTScore,94.81
Category 1,Mizo to English,lus_Latn,eng_Latn,indic2en,False,contrastive,RozarNLP-cr7,RozarNLP-cr7_contrastive,COMET,77.54
Category 1,Mizo to English,lus_Latn,eng_Latn,indic2en,False,contrastive,LTRC_Plural,LTRC_Plural_contrastive_2,BLEU,20.35
Category 1,Mizo to English,lus_Latn,eng_Latn,indic2en,False,contrastive,LTRC_Plural,LTRC_Plural_contrastive_2,METEOR,56.23
Category 1,Mizo to English,lus_Latn,eng_Latn,indic2en,False,contrastive,LTRC_Plural,LTRC_Plural_contrastive_2,TER,84.08
Category 1,Mizo to English,lus_Latn,eng_Latn,indic2en,False,contrastive,LTRC_Plural,LTRC_Plural_contrastive_2,CHRF++,53.32
Category 1,Mizo to English,lus_Latn,eng_Latn,indic2en,False,contrastive,LTRC_Plural,LTRC_Plural_contrastive_2,BERTScore,93.44
Category 1,Mizo to English,lus_Latn,eng_Latn,indic2en,False,contrastive,LTRC_Plural,LTRC_Plural_contrastive_2,COMET,74.27
Category 1,Mizo to English,lus_Latn,eng_Latn,indic2en,True,contrastive,BVSLP,BVSLP_contrastive,BLEU,9.9
Category 1,Mizo to English,lus_Latn,eng_Latn,indic2en,True,contrastive,BVSLP,BVSLP_contrastive,METEOR,39.55
Category 1,Mizo to English,lus_Latn,eng_Latn,indic2en,True,contrastive,BVSLP,BVSLP_contrastive,TER,103.92
Category 1,Mizo to English,lus_Latn,eng_Latn,indic2en,True,contrastive,BVSLP,BVSLP_contrastive,CHRF++,40.05
Category 1,Mizo to English,lus_Latn,eng_Latn,indic2en,True,contrastive,BVSLP,BVSLP_contrastive,BERTScore,89.78
Category 1,Mizo to English,lus_Latn,eng_Latn,indic2en,True,contrastive,BVSLP,BVSLP_contrastive,COMET,60.62
Category 1,English to Khasi,eng_Latn,kha_Latn,en2indic,False,primary,KrenTransV0-1,KrenTransV0-1_primary,BLEU,29.3
Category 1,English to Khasi,eng_Latn,kha_Latn,en2indic,False,primary,KrenTransV0-1,KrenTransV0-1_primary,METEOR,54.21
Category 1,English to Khasi,eng_Latn,kha_Latn,en2indic,False,primary,KrenTransV0-1,KrenTransV0-1_primary,TER,50.44
Category 1,English to Khasi,eng_Latn,kha_Latn,en2indic,False,primary,KrenTransV0-1,KrenTransV0-1_primary,CHRF++,53.01
Category 1,English to Khasi,eng_Latn,kha_Latn,en2indic,False,primary,KrenTransV0-1,KrenTransV0-1_primary,BERTScore,83.89
Category 1,English to Khasi,eng_Latn,kha_Latn,en2indic,False,primary,KrenTransV0-1,KrenTransV0-1_primary,COMET,66.98
Category 1,English to Khasi,eng_Latn,kha_Latn,en2indic,False,primary,gators,gators_primary,BLEU,28.66
Category 1,English to Khasi,eng_Latn,kha_Latn,en2indic,False,primary,gators,gators_primary,METEOR,54.18
Category 1,English to Khasi,eng_Latn,kha_Latn,en2indic,False,primary,gators,gators_primary,TER,51.71
Category 1,English to Khasi,eng_Latn,kha_Latn,en2indic,False,primary,gators,gators_primary,CHRF++,52.96
Category 1,English to Khasi,eng_Latn,kha_Latn,en2indic,False,primary,gators,gators_primary,BERTScore,83.82
Category 1,English to Khasi,eng_Latn,kha_Latn,en2indic,False,primary,gators,gators_primary,COMET,68.28
Category 1,English to Khasi,eng_Latn,kha_Latn,en2indic,False,primary,DoDS-IITPKD,DoDS-IITPKD_primary,BLEU,20.85
Category 1,English to Khasi,eng_Latn,kha_Latn,en2indic,False,primary,DoDS-IITPKD,DoDS-IITPKD_primary,METEOR,44.57
Category 1,English to Khasi,eng_Latn,kha_Latn,en2indic,False,primary,DoDS-IITPKD,DoDS-IITPKD_primary,TER,63.08
Category 1,English to Khasi,eng_Latn,kha_Latn,en2indic,False,primary,DoDS-IITPKD,DoDS-IITPKD_primary,CHRF++,44.04
Category 1,English to Khasi,eng_Latn,kha_Latn,en2indic,False,primary,DoDS-IITPKD,DoDS-IITPKD_primary,BERTScore,79.54
Category 1,English to Khasi,eng_Latn,kha_Latn,en2indic,False,primary,DoDS-IITPKD,DoDS-IITPKD_primary,COMET,65.58
Category 1,English to Khasi,eng_Latn,kha_Latn,en2indic,False,primary,LTRC_Plural,LTRC_Plural_primary,BLEU,14.47
Category 1,English to Khasi,eng_Latn,kha_Latn,en2indic,False,primary,LTRC_Plural,LTRC_Plural_primary,METEOR,36.23
Category 1,English to Khasi,eng_Latn,kha_Latn,en2indic,False,primary,LTRC_Plural,LTRC_Plural_primary,TER,85.95
Category 1,English to Khasi,eng_Latn,kha_Latn,en2indic,False,primary,LTRC_Plural,LTRC_Plural_primary,CHRF++,36.28
Category 1,English to Khasi,eng_Latn,kha_Latn,en2indic,False,primary,LTRC_Plural,LTRC_Plural_primary,BERTScore,76.95
Category 1,English to Khasi,eng_Latn,kha_Latn,en2indic,False,primary,LTRC_Plural,LTRC_Plural_primary,COMET,62.51
Category 1,English to Khasi,eng_Latn,kha_Latn,en2indic,False,primary,ANVITA,ANVITA_primary,BLEU,10.08
Category 1,English to Khasi,eng_Latn,kha_Latn,en2indic,False,primary,ANVITA,ANVITA_primary,METEOR,28.94
Category 1,English to Khasi,eng_Latn,kha_Latn,en2indic,False,primary,ANVITA,ANVITA_primary,TER,77.15
Category 1,English to Khasi,eng_Latn,kha_Latn,en2indic,False,primary,ANVITA,ANVITA_primary,CHRF++,30.46
Category 1,English to Khasi,eng_Latn,kha_Latn,en2indic,False,primary,ANVITA,ANVITA_primary,BERTScore,74.13
Category 1,English to Khasi,eng_Latn,kha_Latn,en2indic,False,primary,ANVITA,ANVITA_primary,COMET,57.43
Category 1,English to Khasi,eng_Latn,kha_Latn,en2indic,False,primary,RozarNLP-cr7,RozarNLP-cr7_primary,BLEU,9.04
Category 1,English to Khasi,eng_Latn,kha_Latn,en2indic,False,primary,RozarNLP-cr7,RozarNLP-cr7_primary,METEOR,32.34
Category 1,English to Khasi,eng_Latn,kha_Latn,en2indic,False,primary,RozarNLP-cr7,RozarNLP-cr7_primary,TER,144.02
Category 1,English to Khasi,eng_Latn,kha_Latn,en2indic,False,primary,RozarNLP-cr7,RozarNLP-cr7_primary,CHRF++,29.25
Category 1,English to Khasi,eng_Latn,kha_Latn,en2indic,False,primary,RozarNLP-cr7,RozarNLP-cr7_primary,BERTScore,72.9
Category 1,English to Khasi,eng_Latn,kha_Latn,en2indic,False,primary,RozarNLP-cr7,RozarNLP-cr7_primary,COMET,55.24
Category 1,English to Khasi,eng_Latn,kha_Latn,en2indic,False,primary,Winterpeg,Winterpeg_primary,BLEU,7.4
Category 1,English to Khasi,eng_Latn,kha_Latn,en2indic,False,primary,Winterpeg,Winterpeg_primary,METEOR,25.68
Category 1,English to Khasi,eng_Latn,kha_Latn,en2indic,False,primary,Winterpeg,Winterpeg_primary,TER,84.59
Category 1,English to Khasi,eng_Latn,kha_Latn,en2indic,False,primary,Winterpeg,Winterpeg_primary,CHRF++,30.62
Category 1,English to Khasi,eng_Latn,kha_Latn,en2indic,False,primary,Winterpeg,Winterpeg_primary,BERTScore,73.6
Category 1,English to Khasi,eng_Latn,kha_Latn,en2indic,False,primary,Winterpeg,Winterpeg_primary,COMET,61.71
Category 1,English to Khasi,eng_Latn,kha_Latn,en2indic,False,primary,IndicMT,IndicMT_primary,BLEU,0.0
Category 1,English to Khasi,eng_Latn,kha_Latn,en2indic,False,primary,IndicMT,IndicMT_primary,METEOR,7.9
Category 1,English to Khasi,eng_Latn,kha_Latn,en2indic,False,primary,IndicMT,IndicMT_primary,TER,131.14
Category 1,English to Khasi,eng_Latn,kha_Latn,en2indic,False,primary,IndicMT,IndicMT_primary,CHRF++,15.44
Category 1,English to Khasi,eng_Latn,kha_Latn,en2indic,False,primary,IndicMT,IndicMT_primary,BERTScore,64.98
Category 1,English to Khasi,eng_Latn,kha_Latn,en2indic,False,primary,IndicMT,IndicMT_primary,COMET,49.57
Category 1,English to Khasi,eng_Latn,kha_Latn,en2indic,False,contrastive,ANVITA,ANVITA_contrastive_2,BLEU,32.89
Category 1,English to Khasi,eng_Latn,kha_Latn,en2indic,False,contrastive,ANVITA,ANVITA_contrastive_2,METEOR,56.75
Category 1,English to Khasi,eng_Latn,kha_Latn,en2indic,False,contrastive,ANVITA,ANVITA_contrastive_2,TER,48.53
Category 1,English to Khasi,eng_Latn,kha_Latn,en2indic,False,contrastive,ANVITA,ANVITA_contrastive_2,CHRF++,54.84
Category 1,English to Khasi,eng_Latn,kha_Latn,en2indic,False,contrastive,ANVITA,ANVITA_contrastive_2,BERTScore,84.51
Category 1,English to Khasi,eng_Latn,kha_Latn,en2indic,False,contrastive,ANVITA,ANVITA_contrastive_2,COMET,69.69
Category 1,English to Khasi,eng_Latn,kha_Latn,en2indic,False,contrastive,ANVITA,ANVITA_contrastive,BLEU,32.46
Category 1,English to Khasi,eng_Latn,kha_Latn,en2indic,False,contrastive,ANVITA,ANVITA_contrastive,METEOR,57.5
Category 1,English to Khasi,eng_Latn,kha_Latn,en2indic,False,contrastive,ANVITA,ANVITA_contrastive,TER,48.65
Category 1,English to Khasi,eng_Latn,kha_Latn,en2indic,False,contrastive,ANVITA,ANVITA_contrastive,CHRF++,55.54
Category 1,English to Khasi,eng_Latn,kha_Latn,en2indic,False,contrastive,ANVITA,ANVITA_contrastive,BERTScore,84.66
Category 1,English to Khasi,eng_Latn,kha_Latn,en2indic,False,contrastive,ANVITA,ANVITA_contrastive,COMET,69.76
Category 1,English to Khasi,eng_Latn,kha_Latn,en2indic,False,contrastive,LTRC_Plural,LTRC_Plural_contrastive_1,BLEU,32.46
Category 1,English to Khasi,eng_Latn,kha_Latn,en2indic,False,contrastive,LTRC_Plural,LTRC_Plural_contrastive_1,METEOR,57.16
Category 1,English to Khasi,eng_Latn,kha_Latn,en2indic,False,contrastive,LTRC_Plural,LTRC_Plural_contrastive_1,TER,48.7
Category 1,English to Khasi,eng_Latn,kha_Latn,en2indic,False,contrastive,LTRC_Plural,LTRC_Plural_contrastive_1,CHRF++,54.77
Category 1,English to Khasi,eng_Latn,kha_Latn,en2indic,False,contrastive,LTRC_Plural,LTRC_Plural_contrastive_1,BERTScore,84.44
Category 1,English to Khasi,eng_Latn,kha_Latn,en2indic,False,contrastive,LTRC_Plural,LTRC_Plural_contrastive_1,COMET,68.06
Category 1,English to Khasi,eng_Latn,kha_Latn,en2indic,False,contrastive,gators,gators_contrastive,BLEU,29.14
Category 1,English to Khasi,eng_Latn,kha_Latn,en2indic,False,contrastive,gators,gators_contrastive,METEOR,54.42
Category 1,English to Khasi,eng_Latn,kha_Latn,en2indic,False,contrastive,gators,gators_contrastive,TER,51.54
Category 1,English to Khasi,eng_Latn,kha_Latn,en2indic,False,contrastive,gators,gators_contrastive,CHRF++,53.16
Category 1,English to Khasi,eng_Latn,kha_Latn,en2indic,False,contrastive,gators,gators_contrastive,BERTScore,83.95
Category 1,English to Khasi,eng_Latn,kha_Latn,en2indic,False,contrastive,gators,gators_contrastive,COMET,68.34
Category 1,English to Khasi,eng_Latn,kha_Latn,en2indic,False,contrastive,DoDS-IITPKD,DoDS-IITPKD_contrastive2,BLEU,21.05
Category 1,English to Khasi,eng_Latn,kha_Latn,en2indic,False,contrastive,DoDS-IITPKD,DoDS-IITPKD_contrastive2,METEOR,45.03
Category 1,English to Khasi,eng_Latn,kha_Latn,en2indic,False,contrastive,DoDS-IITPKD,DoDS-IITPKD_contrastive2,TER,61.27
Category 1,English to Khasi,eng_Latn,kha_Latn,en2indic,False,contrastive,DoDS-IITPKD,DoDS-IITPKD_contrastive2,CHRF++,44.46
Category 1,English to Khasi,eng_Latn,kha_Latn,en2indic,False,contrastive,DoDS-IITPKD,DoDS-IITPKD_contrastive2,BERTScore,79.81
Category 1,English to Khasi,eng_Latn,kha_Latn,en2indic,False,contrastive,DoDS-IITPKD,DoDS-IITPKD_contrastive2,COMET,65.85
Category 1,English to Khasi,eng_Latn,kha_Latn,en2indic,False,contrastive,LTRC_Plural,LTRC_Plural_contrastive_2,BLEU,20.8
Category 1,English to Khasi,eng_Latn,kha_Latn,en2indic,False,contrastive,LTRC_Plural,LTRC_Plural_contrastive_2,METEOR,44.14
Category 1,English to Khasi,eng_Latn,kha_Latn,en2indic,False,contrastive,LTRC_Plural,LTRC_Plural_contrastive_2,TER,68.63
Category 1,English to Khasi,eng_Latn,kha_Latn,en2indic,False,contrastive,LTRC_Plural,LTRC_Plural_contrastive_2,CHRF++,43.35
Category 1,English to Khasi,eng_Latn,kha_Latn,en2indic,False,contrastive,LTRC_Plural,LTRC_Plural_contrastive_2,BERTScore,79.66
Category 1,English to Khasi,eng_Latn,kha_Latn,en2indic,False,contrastive,LTRC_Plural,LTRC_Plural_contrastive_2,COMET,61.68
Category 1,English to Khasi,eng_Latn,kha_Latn,en2indic,False,contrastive,DoDS-IITPKD,DoDS-IITPKD_contrastive,BLEU,18.99
Category 1,English to Khasi,eng_Latn,kha_Latn,en2indic,False,contrastive,DoDS-IITPKD,DoDS-IITPKD_contrastive,METEOR,44.27
Category 1,English to Khasi,eng_Latn,kha_Latn,en2indic,False,contrastive,DoDS-IITPKD,DoDS-IITPKD_contrastive,TER,58.6
Category 1,English to Khasi,eng_Latn,kha_Latn,en2indic,False,contrastive,DoDS-IITPKD,DoDS-IITPKD_contrastive,CHRF++,43.3
Category 1,English to Khasi,eng_Latn,kha_Latn,en2indic,False,contrastive,DoDS-IITPKD,DoDS-IITPKD_contrastive,BERTScore,80.53
Category 1,English to Khasi,eng_Latn,kha_Latn,en2indic,False,contrastive,DoDS-IITPKD,DoDS-IITPKD_contrastive,COMET,62.31
Category 1,English to Khasi,eng_Latn,kha_Latn,en2indic,True,contrastive,BVSLP,BVSLP_contrastive,BLEU,15.69
Category 1,English to Khasi,eng_Latn,kha_Latn,en2indic,True,contrastive,BVSLP,BVSLP_contrastive,METEOR,36.73
Category 1,English to Khasi,eng_Latn,kha_Latn,en2indic,True,contrastive,BVSLP,BVSLP_contrastive,TER,76.82
Category 1,English to Khasi,eng_Latn,kha_Latn,en2indic,True,contrastive,BVSLP,BVSLP_contrastive,CHRF++,37.16
Category 1,English to Khasi,eng_Latn,kha_Latn,en2indic,True,contrastive,BVSLP,BVSLP_contrastive,BERTScore,76.12
Category 1,English to Khasi,eng_Latn,kha_Latn,en2indic,True,contrastive,BVSLP,BVSLP_contrastive,COMET,59.16
Category 1,Khasi to English,kha_Latn,eng_Latn,indic2en,False,primary,gators,gators_primary,BLEU,26.28
Category 1,Khasi to English,kha_Latn,eng_Latn,indic2en,False,primary,gators,gators_primary,METEOR,55.99
Category 1,Khasi to English,kha_Latn,eng_Latn,indic2en,False,primary,gators,gators_primary,TER,64.75
Category 1,Khasi to English,kha_Latn,eng_Latn,indic2en,False,primary,gators,gators_primary,CHRF++,53.15
Category 1,Khasi to English,kha_Latn,eng_Latn,indic2en,False,primary,gators,gators_primary,BERTScore,94.72
Category 1,Khasi to English,kha_Latn,eng_Latn,indic2en,False,primary,gators,gators_primary,COMET,77.04
Category 1,Khasi to English,kha_Latn,eng_Latn,indic2en,True,primary,VoxNexus-Translate,VoxNexus-Translate_primary,BLEU,22.43
Category 1,Khasi to English,kha_Latn,eng_Latn,indic2en,True,primary,VoxNexus-Translate,VoxNexus-Translate_primary,METEOR,52.01
Category 1,Khasi to English,kha_Latn,eng_Latn,indic2en,True,primary,VoxNexus-Translate,VoxNexus-Translate_primary,TER,63.42
Category 1,Khasi to English,kha_Latn,eng_Latn,indic2en,True,primary,VoxNexus-Translate,VoxNexus-Translate_primary,CHRF++,48.89
Category 1,Khasi to English,kha_Latn,eng_Latn,indic2en,True,primary,VoxNexus-Translate,VoxNexus-Translate_primary,BERTScore,94.58
Category 1,Khasi to English,kha_Latn,eng_Latn,indic2en,True,primary,VoxNexus-Translate,VoxNexus-Translate_primary,COMET,77.03
Category 1,Khasi to English,kha_Latn,eng_Latn,indic2en,False,primary,DoDS-IITPKD,DoDS-IITPKD_primary,BLEU,16.99
Category 1,Khasi to English,kha_Latn,eng_Latn,indic2en,False,primary,DoDS-IITPKD,DoDS-IITPKD_primary,METEOR,40.92
Category 1,Khasi to English,kha_Latn,eng_Latn,indic2en,False,primary,DoDS-IITPKD,DoDS-IITPKD_primary,TER,82.49
Category 1,Khasi to English,kha_Latn,eng_Latn,indic2en,False,primary,DoDS-IITPKD,DoDS-IITPKD_primary,CHRF++,41.48
Category 1,Khasi to English,kha_Latn,eng_Latn,indic2en,False,primary,DoDS-IITPKD,DoDS-IITPKD_primary,BERTScore,91.91
Category 1,Khasi to English,kha_Latn,eng_Latn,indic2en,False,primary,DoDS-IITPKD,DoDS-IITPKD_primary,COMET,65.66
Category 1,Khasi to English,kha_Latn,eng_Latn,indic2en,False,primary,TIP-RBG-AI,TIP-RBG-AI_primary,BLEU,11.17
Category 1,Khasi to English,kha_Latn,eng_Latn,indic2en,False,primary,TIP-RBG-AI,TIP-RBG-AI_primary,METEOR,36.32
Category 1,Khasi to English,kha_Latn,eng_Latn,indic2en,False,primary,TIP-RBG-AI,TIP-RBG-AI_primary,TER,98.74
Category 1,Khasi to English,kha_Latn,eng_Latn,indic2en,False,primary,TIP-RBG-AI,TIP-RBG-AI_primary,CHRF++,37.65
Category 1,Khasi to English,kha_Latn,eng_Latn,indic2en,False,primary,TIP-RBG-AI,TIP-RBG-AI_primary,BERTScore,91.32
Category 1,Khasi to English,kha_Latn,eng_Latn,indic2en,False,primary,TIP-RBG-AI,TIP-RBG-AI_primary,COMET,66.23
Category 1,Khasi to English,kha_Latn,eng_Latn,indic2en,False,primary,LTRC_Plural,LTRC_Plural_primary,BLEU,7.94
Category 1,Khasi to English,kha_Latn,eng_Latn,indic2en,False,primary,LTRC_Plural,LTRC_Plural_primary,METEOR,28.75
Category 1,Khasi to English,kha_Latn,eng_Latn,indic2en,False,primary,LTRC_Plural,LTRC_Plural_primary,TER,124.56
Category 1,Khasi to English,kha_Latn,eng_Latn,indic2en,False,primary,LTRC_Plural,LTRC_Plural_primary,CHRF++,31.03
Category 1,Khasi to English,kha_Latn,eng_Latn,indic2en,False,primary,LTRC_Plural,LTRC_Plural_primary,BERTScore,89.03
Category 1,Khasi to English,kha_Latn,eng_Latn,indic2en,False,primary,LTRC_Plural,LTRC_Plural_primary,COMET,56.03
Category 1,Khasi to English,kha_Latn,eng_Latn,indic2en,False,primary,ANVITA,ANVITA_primary,BLEU,5.17
Category 1,Khasi to English,kha_Latn,eng_Latn,indic2en,False,primary,ANVITA,ANVITA_primary,METEOR,22.98
Category 1,Khasi to English,kha_Latn,eng_Latn,indic2en,False,primary,ANVITA,ANVITA_primary,TER,119.93
Category 1,Khasi to English,kha_Latn,eng_Latn,indic2en,False,primary,ANVITA,ANVITA_primary,CHRF++,25.78
Category 1,Khasi to English,kha_Latn,eng_Latn,indic2en,False,primary,ANVITA,ANVITA_primary,BERTScore,88.01
Category 1,Khasi to English,kha_Latn,eng_Latn,indic2en,False,primary,ANVITA,ANVITA_primary,COMET,50.7
Category 1,Khasi to English,kha_Latn,eng_Latn,indic2en,False,primary,RozarNLP-cr7,RozarNLP-cr7_primary,BLEU,4.54
Category 1,Khasi to English,kha_Latn,eng_Latn,indic2en,False,primary,RozarNLP-cr7,RozarNLP-cr7_primary,METEOR,25.05
Category 1,Khasi to English,kha_Latn,eng_Latn,indic2en,False,primary,RozarNLP-cr7,RozarNLP-cr7_primary,TER,189.51
Category 1,Khasi to English,kha_Latn,eng_Latn,indic2en,False,primary,RozarNLP-cr7,RozarNLP-cr7_primary,CHRF++,25.75
Category 1,Khasi to English,kha_Latn,eng_Latn,indic2en,False,primary,RozarNLP-cr7,RozarNLP-cr7_primary,BERTScore,87.84
Category 1,Khasi to English,kha_Latn,eng_Latn,indic2en,False,primary,RozarNLP-cr7,RozarNLP-cr7_primary,COMET,51.38
Category 1,Khasi to English,kha_Latn,eng_Latn,indic2en,False,primary,Winterpeg,Winterpeg_primary,BLEU,0.51
Category 1,Khasi to English,kha_Latn,eng_Latn,indic2en,False,primary,Winterpeg,Winterpeg_primary,METEOR,10.47
Category 1,Khasi to English,kha_Latn,eng_Latn,indic2en,False,primary,Winterpeg,Winterpeg_primary,TER,112.93
Category 1,Khasi to English,kha_Latn,eng_Latn,indic2en,False,primary,Winterpeg,Winterpeg_primary,CHRF++,18.14
Category 1,Khasi to English,kha_Latn,eng_Latn,indic2en,False,primary,Winterpeg,Winterpeg_primary,BERTScore,84.22
Category 1,Khasi to English,kha_Latn,eng_Latn,indic2en,False,primary,Winterpeg,Winterpeg_primary,COMET,40.72
Category 1,Khasi to English,kha_Latn,eng_Latn,indic2en,False,primary,IndicMT,IndicMT_primary,BLEU,0.0
Category 1,Khasi to English,kha_Latn,eng_Latn,indic2en,False,primary,IndicMT,IndicMT_primary,METEOR,4.21
Category 1,Khasi to English,kha_Latn,eng_Latn,indic2en,False,primary,IndicMT,IndicMT_primary,TER,179.9
Category 1,Khasi to English,kha_Latn,eng_Latn,indic2en,False,primary,IndicMT,IndicMT_primary,CHRF++,12.08
Category 1,Khasi to English,kha_Latn,eng_Latn,indic2en,False,primary,IndicMT,IndicMT_primary,BERTScore,80.9
Category 1,Khasi to English,kha_Latn,eng_Latn,indic2en,False,primary,IndicMT,IndicMT_primary,COMET,35.42
Category 1,Khasi to English,kha_Latn,eng_Latn,indic2en,False,contrastive,ANVITA,ANVITA_contrastive,BLEU,26.48
Category 1,Khasi to English,kha_Latn,eng_Latn,indic2en,False,contrastive,ANVITA,ANVITA_contrastive,METEOR,55.26
Category 1,Khasi to English,kha_Latn,eng_Latn,indic2en,False,contrastive,ANVITA,ANVITA_contrastive,TER,62.48
Category 1,Khasi to English,kha_Latn,eng_Latn,indic2en,False,contrastive,ANVITA,ANVITA_contrastive,CHRF++,52.31
Category 1,Khasi to English,kha_Latn,eng_Latn,indic2en,False,contrastive,ANVITA,ANVITA_contrastive,BERTScore,94.55
Category 1,Khasi to English,kha_Latn,eng_Latn,indic2en,False,contrastive,ANVITA,ANVITA_contrastive,COMET,75.62
Category 1,Khasi to English,kha_Latn,eng_Latn,indic2en,False,contrastive,gators,gators_contrastive,BLEU,25.76
Category 1,Khasi to English,kha_Latn,eng_Latn,indic2en,False,contrastive,gators,gators_contrastive,METEOR,55.81
Category 1,Khasi to English,kha_Latn,eng_Latn,indic2en,False,contrastive,gators,gators_contrastive,TER,65.66
Category 1,Khasi to English,kha_Latn,eng_Latn,indic2en,False,contrastive,gators,gators_contrastive,CHRF++,52.92
Category 1,Khasi to English,kha_Latn,eng_Latn,indic2en,False,contrastive,gators,gators_contrastive,BERTScore,94.69
Category 1,Khasi to English,kha_Latn,eng_Latn,indic2en,False,contrastive,gators,gators_contrastive,COMET,76.85
Category 1,Khasi to English,kha_Latn,eng_Latn,indic2en,False,contrastive,DoDS-IITPKD,DoDS-IITPKD_contrastive2,BLEU,24.63
Category 1,Khasi to English,kha_Latn,eng_Latn,indic2en,False,contrastive,DoDS-IITPKD,DoDS-IITPKD_contrastive2,METEOR,55.01
Category 1,Khasi to English,kha_Latn,eng_Latn,indic2en,False,contrastive,DoDS-IITPKD,DoDS-IITPKD_contrastive2,TER,66.92
Category 1,Khasi to English,kha_Latn,eng_Latn,indic2en,False,contrastive,DoDS-IITPKD,DoDS-IITPKD_contrastive2,CHRF++,51.83
Category 1,Khasi to English,kha_Latn,eng_Latn,indic2en,False,contrastive,DoDS-IITPKD,DoDS-IITPKD_contrastive2,BERTScore,94.55
Category 1,Khasi to English,kha_Latn,eng_Latn,indic2en,False,contrastive,DoDS-IITPKD,DoDS-IITPKD_contrastive2,COMET,76.93
Category 1,Khasi to English,kha_Latn,eng_Latn,indic2en,False,contrastive,LTRC_Plural,LTRC_Plural_contrastive_1,BLEU,23.72
Category 1,Khasi to English,kha_Latn,eng_Latn,indic2en,False,contrastive,LTRC_Plural,LTRC_Plural_contrastive_1,METEOR,52.53
Category 1,Khasi to English,kha_Latn,eng_Latn,indic2en,False,contrastive,LTRC_Plural,LTRC_Plural_contrastive_1,TER,67.45
Category 1,Khasi to English,kha_Latn,eng_Latn,indic2en,False,contrastive,LTRC_Plural,LTRC_Plural_contrastive_1,CHRF++,49.83
Category 1,Khasi to English,kha_Latn,eng_Latn,indic2en,False,contrastive,LTRC_Plural,LTRC_Plural_contrastive_1,BERTScore,94.03
Category 1,Khasi to English,kha_Latn,eng_Latn,indic2en,False,contrastive,LTRC_Plural,LTRC_Plural_contrastive_1,COMET,74.07
Category 1,Khasi to English,kha_Latn,eng_Latn,indic2en,False,contrastive,ANVITA,ANVITA_contrastive_2,BLEU,22.9
Category 1,Khasi to English,kha_Latn,eng_Latn,indic2en,False,contrastive,ANVITA,ANVITA_contrastive_2,METEOR,52.63
Category 1,Khasi to English,kha_Latn,eng_Latn,indic2en,False,contrastive,ANVITA,ANVITA_contrastive_2,TER,64.05
Category 1,Khasi to English,kha_Latn,eng_Latn,indic2en,False,contrastive,ANVITA,ANVITA_contrastive_2,CHRF++,49.91
Category 1,Khasi to English,kha_Latn,eng_Latn,indic2en,False,contrastive,ANVITA,ANVITA_contrastive_2,BERTScore,93.96
Category 1,Khasi to English,kha_Latn,eng_Latn,indic2en,False,contrastive,ANVITA,ANVITA_contrastive_2,COMET,74.15
Category 1,Khasi to English,kha_Latn,eng_Latn,indic2en,False,contrastive,DoDS-IITPKD,DoDS-IITPKD_contrastive,BLEU,19.14
Category 1,Khasi to English,kha_Latn,eng_Latn,indic2en,False,contrastive,DoDS-IITPKD,DoDS-IITPKD_contrastive,METEOR,43.25
Category 1,Khasi to English,kha_Latn,eng_Latn,indic2en,False,contrastive,DoDS-IITPKD,DoDS-IITPKD_contrastive,TER,77.4
Category 1,Khasi to English,kha_Latn,eng_Latn,indic2en,False,contrastive,DoDS-IITPKD,DoDS-IITPKD_contrastive,CHRF++,43.29
Category 1,Khasi to English,kha_Latn,eng_Latn,indic2en,False,contrastive,DoDS-IITPKD,DoDS-IITPKD_contrastive,BERTScore,92.63
Category 1,Khasi to English,kha_Latn,eng_Latn,indic2en,False,contrastive,DoDS-IITPKD,DoDS-IITPKD_contrastive,COMET,68.15
Category 1,Khasi to English,kha_Latn,eng_Latn,indic2en,False,contrastive,LTRC_Plural,LTRC_Plural_contrastive_2,BLEU,11.82
Category 1,Khasi to English,kha_Latn,eng_Latn,indic2en,False,contrastive,LTRC_Plural,LTRC_Plural_contrastive_2,METEOR,35.74
Category 1,Khasi to English,kha_Latn,eng_Latn,indic2en,False,contrastive,LTRC_Plural,LTRC_Plural_contrastive_2,TER,111.46
Category 1,Khasi to English,kha_Latn,eng_Latn,indic2en,False,contrastive,LTRC_Plural,LTRC_Plural_contrastive_2,CHRF++,36.81
Category 1,Khasi to English,kha_Latn,eng_Latn,indic2en,False,contrastive,LTRC_Plural,LTRC_Plural_contrastive_2,BERTScore,90.26
Category 1,Khasi to English,kha_Latn,eng_Latn,indic2en,False,contrastive,LTRC_Plural,LTRC_Plural_contrastive_2,COMET,59.78
Category 1,Khasi to English,kha_Latn,eng_Latn,indic2en,True,contrastive,BVSLP,BVSLP_contrastive,BLEU,8.68
Category 1,Khasi to English,kha_Latn,eng_Latn,indic2en,True,contrastive,BVSLP,BVSLP_contrastive,METEOR,30.84
Category 1,Khasi to English,kha_Latn,eng_Latn,indic2en,True,contrastive,BVSLP,BVSLP_contrastive,TER,130.64
Category 1,Khasi to English,kha_Latn,eng_Latn,indic2en,True,contrastive,BVSLP,BVSLP_contrastive,CHRF++,32.05
Category 1,Khasi to English,kha_Latn,eng_Latn,indic2en,True,contrastive,BVSLP,BVSLP_contrastive,BERTScore,89.26
Category 1,Khasi to English,kha_Latn,eng_Latn,indic2en,True,contrastive,BVSLP,BVSLP_contrastive,COMET,55.42
Category 1,English to Manipuri (Bengali),eng_Latn,mni_Beng,en2indic,False,primary,Winterpeg,Winterpeg_primary,BLEU,11.95
Category 1,English to Manipuri (Bengali),eng_Latn,mni_Beng,en2indic,False,primary,Winterpeg,Winterpeg_primary,METEOR,25.67
Category 1,English to Manipuri (Bengali),eng_Latn,mni_Beng,en2indic,False,primary,Winterpeg,Winterpeg_primary,TER,74.93
Category 1,English to Manipuri (Bengali),eng_Latn,mni_Beng,en2indic,False,primary,Winterpeg,Winterpeg_primary,CHRF++,44.67
Category 1,English to Manipuri (Bengali),eng_Latn,mni_Beng,en2indic,False,primary,Winterpeg,Winterpeg_primary,BERTScore,87.12
Category 1,English to Manipuri (Bengali),eng_Latn,mni_Beng,en2indic,False,primary,Winterpeg,Winterpeg_primary,COMET,70.36
Category 1,English to Manipuri (Bengali),eng_Latn,mni_Beng,en2indic,False,primary,MTG-LIRA,MTG-LIRA_primary,BLEU,10.61
Category 1,English to Manipuri (Bengali),eng_Latn,mni_Beng,en2indic,False,primary,MTG-LIRA,MTG-LIRA_primary,METEOR,17.58
Category 1,English to Manipuri (Bengali),eng_Latn,mni_Beng,en2indic,False,primary,MTG-LIRA,MTG-LIRA_primary,TER,86.37
Category 1,English to Manipuri (Bengali),eng_Latn,mni_Beng,en2indic,False,primary,MTG-LIRA,MTG-LIRA_primary,CHRF++,37.24
Category 1,English to Manipuri (Bengali),eng_Latn,mni_Beng,en2indic,False,primary,MTG-LIRA,MTG-LIRA_primary,BERTScore,82.41
Category 1,English to Manipuri (Bengali),eng_Latn,mni_Beng,en2indic,False,primary,MTG-LIRA,MTG-LIRA_primary,COMET,67.0
Category 1,English to Manipuri (Bengali),eng_Latn,mni_Beng,en2indic,False,primary,NLP-MT_Amrita,NLP-MT_Amrita_Primary_IndicTrans2,BLEU,10.29
Category 1,English to Manipuri (Bengali),eng_Latn,mni_Beng,en2indic,False,primary,NLP-MT_Amrita,NLP-MT_Amrita_Primary_IndicTrans2,METEOR,17.38
Category 1,English to Manipuri (Bengali),eng_Latn,mni_Beng,en2indic,False,primary,NLP-MT_Amrita,NLP-MT_Amrita_Primary_IndicTrans2,TER,88.27
Category 1,English to Manipuri (Bengali),eng_Latn,mni_Beng,en2indic,False,primary,NLP-MT_Amrita,NLP-MT_Amrita_Primary_IndicTrans2,CHRF++,38.88
Category 1,English to Manipuri (Bengali),eng_Latn,mni_Beng,en2indic,False,primary,NLP-MT_Amrita,NLP-MT_Amrita_Primary_IndicTrans2,BERTScore,84.57
Category 1,English to Manipuri (Bengali),eng_Latn,mni_Beng,en2indic,False,primary,NLP-MT_Amrita,NLP-MT_Amrita_Primary_IndicTrans2,COMET,68.01
Category 1,English to Manipuri (Bengali),eng_Latn,mni_Beng,en2indic,False,primary,EROL,EROL_primary,BLEU,10.21
Category 1,English to Manipuri (Bengali),eng_Latn,mni_Beng,en2indic,False,primary,EROL,EROL_primary,METEOR,18.4
Category 1,English to Manipuri (Bengali),eng_Latn,mni_Beng,en2indic,False,primary,EROL,EROL_primary,TER,85.13
Category 1,English to Manipuri (Bengali),eng_Latn,mni_Beng,en2indic,False,primary,EROL,EROL_primary,CHRF++,38.83
Category 1,English to Manipuri (Bengali),eng_Latn,mni_Beng,en2indic,False,primary,EROL,EROL_primary,BERTScore,84.42
Category 1,English to Manipuri (Bengali),eng_Latn,mni_Beng,en2indic,False,primary,EROL,EROL_primary,COMET,67.04
Category 1,English to Manipuri (Bengali),eng_Latn,mni_Beng,en2indic,False,primary,NLP-MT_Amrita,NLP-MT_Amrita_Primary_NLLB,BLEU,9.65
Category 1,English to Manipuri (Bengali),eng_Latn,mni_Beng,en2indic,False,primary,NLP-MT_Amrita,NLP-MT_Amrita_Primary_NLLB,METEOR,18.5
Category 1,English to Manipuri (Bengali),eng_Latn,mni_Beng,en2indic,False,primary,NLP-MT_Amrita,NLP-MT_Amrita_Primary_NLLB,TER,85.03
Category 1,English to Manipuri (Bengali),eng_Latn,mni_Beng,en2indic,False,primary,NLP-MT_Amrita,NLP-MT_Amrita_Primary_NLLB,CHRF++,38.67
Category 1,English to Manipuri (Bengali),eng_Latn,mni_Beng,en2indic,False,primary,NLP-MT_Amrita,NLP-MT_Amrita_Primary_NLLB,BERTScore,83.98
Category 1,English to Manipuri (Bengali),eng_Latn,mni_Beng,en2indic,False,primary,NLP-MT_Amrita,NLP-MT_Amrita_Primary_NLLB,COMET,67.44
Category 1,English to Manipuri (Bengali),eng_Latn,mni_Beng,en2indic,True,primary,BVSLP,BVSLP_primary,BLEU,9.18
Category 1,English to Manipuri (Bengali),eng_Latn,mni_Beng,en2indic,True,primary,BVSLP,BVSLP_primary,METEOR,16.71
Category 1,English to Manipuri (Bengali),eng_Latn,mni_Beng,en2indic,True,primary,BVSLP,BVSLP_primary,TER,89.27
Category 1,English to Manipuri (Bengali),eng_Latn,mni_Beng,en2indic,True,primary,BVSLP,BVSLP_primary,CHRF++,35.99
Category 1,English to Manipuri (Bengali),eng_Latn,mni_Beng,en2indic,True,primary,BVSLP,BVSLP_primary,BERTScore,82.97
Category 1,English to Manipuri (Bengali),eng_Latn,mni_Beng,en2indic,True,primary,BVSLP,BVSLP_primary,COMET,66.76
Category 1,English to Manipuri (Bengali),eng_Latn,mni_Beng,en2indic,False,primary,DoDS-IITPKD,DoDS-IITPKD_primary,BLEU,8.65
Category 1,English to Manipuri (Bengali),eng_Latn,mni_Beng,en2indic,False,primary,DoDS-IITPKD,DoDS-IITPKD_primary,METEOR,18.43
Category 1,English to Manipuri (Bengali),eng_Latn,mni_Beng,en2indic,False,primary,DoDS-IITPKD,DoDS-IITPKD_primary,TER,86.47
Category 1,English to Manipuri (Bengali),eng_Latn,mni_Beng,en2indic,False,primary,DoDS-IITPKD,DoDS-IITPKD_primary,CHRF++,39.63
Category 1,English to Manipuri (Bengali),eng_Latn,mni_Beng,en2indic,False,primary,DoDS-IITPKD,DoDS-IITPKD_primary,BERTScore,84.67
Category 1,English to Manipuri (Bengali),eng_Latn,mni_Beng,en2indic,False,primary,DoDS-IITPKD,DoDS-IITPKD_primary,COMET,67.61
Category 1,English to Manipuri (Bengali),eng_Latn,mni_Beng,en2indic,False,primary,KrenTransV0-1,KrenTransV0-1_primary,BLEU,8.16
Category 1,English to Manipuri (Bengali),eng_Latn,mni_Beng,en2indic,False,primary,KrenTransV0-1,KrenTransV0-1_primary,METEOR,17.42
Category 1,English to Manipuri (Bengali),eng_Latn,mni_Beng,en2indic,False,primary,KrenTransV0-1,KrenTransV0-1_primary,TER,105.67
Category 1,English to Manipuri (Bengali),eng_Latn,mni_Beng,en2indic,False,primary,KrenTransV0-1,KrenTransV0-1_primary,CHRF++,37.92
Category 1,English to Manipuri (Bengali),eng_Latn,mni_Beng,en2indic,False,primary,KrenTransV0-1,KrenTransV0-1_primary,BERTScore,83.98
Category 1,English to Manipuri (Bengali),eng_Latn,mni_Beng,en2indic,False,primary,KrenTransV0-1,KrenTransV0-1_primary,COMET,67.19
Category 1,English to Manipuri (Bengali),eng_Latn,mni_Beng,en2indic,False,primary,gators,gators_primary,BLEU,8.04
Category 1,English to Manipuri (Bengali),eng_Latn,mni_Beng,en2indic,False,primary,gators,gators_primary,METEOR,17.79
Category 1,English to Manipuri (Bengali),eng_Latn,mni_Beng,en2indic,False,primary,gators,gators_primary,TER,90.64
Category 1,English to Manipuri (Bengali),eng_Latn,mni_Beng,en2indic,False,primary,gators,gators_primary,CHRF++,39.43
Category 1,English to Manipuri (Bengali),eng_Latn,mni_Beng,en2indic,False,primary,gators,gators_primary,BERTScore,84.64
Category 1,English to Manipuri (Bengali),eng_Latn,mni_Beng,en2indic,False,primary,gators,gators_primary,COMET,67.15
Category 1,English to Manipuri (Bengali),eng_Latn,mni_Beng,en2indic,False,primary,JH_NLP_APAShreya2,JH_NLP_APAShreya2_primary,BLEU,8.03
Category 1,English to Manipuri (Bengali),eng_Latn,mni_Beng,en2indic,False,primary,JH_NLP_APAShreya2,JH_NLP_APAShreya2_primary,METEOR,20.15
Category 1,English to Manipuri (Bengali),eng_Latn,mni_Beng,en2indic,False,primary,JH_NLP_APAShreya2,JH_NLP_APAShreya2_primary,TER,82.56
Category 1,English to Manipuri (Bengali),eng_Latn,mni_Beng,en2indic,False,primary,JH_NLP_APAShreya2,JH_NLP_APAShreya2_primary,CHRF++,40.93
Category 1,English to Manipuri (Bengali),eng_Latn,mni_Beng,en2indic,False,primary,JH_NLP_APAShreya2,JH_NLP_APAShreya2_primary,BERTScore,84.86
Category 1,English to Manipuri (Bengali),eng_Latn,mni_Beng,en2indic,False,primary,JH_NLP_APAShreya2,JH_NLP_APAShreya2_primary,COMET,68.18
Category 1,English to Manipuri (Bengali),eng_Latn,mni_Beng,en2indic,False,primary,PANINI,PANINI_primary,BLEU,7.48
Category 1,English to Manipuri (Bengali),eng_Latn,mni_Beng,en2indic,False,primary,PANINI,PANINI_primary,METEOR,20.02
Category 1,English to Manipuri (Bengali),eng_Latn,mni_Beng,en2indic,False,primary,PANINI,PANINI_primary,TER,83.0
Category 1,English to Manipuri (Bengali),eng_Latn,mni_Beng,en2indic,False,primary,PANINI,PANINI_primary,CHRF++,40.03
Category 1,English to Manipuri (Bengali),eng_Latn,mni_Beng,en2indic,False,primary,PANINI,PANINI_primary,BERTScore,84.48
Category 1,English to Manipuri (Bengali),eng_Latn,mni_Beng,en2indic,False,primary,PANINI,PANINI_primary,COMET,67.71
Category 1,English to Manipuri (Bengali),eng_Latn,mni_Beng,en2indic,False,primary,DELAB-IIITM,DELAB-IIITM_primary,BLEU,6.61
Category 1,English to Manipuri (Bengali),eng_Latn,mni_Beng,en2indic,False,primary,DELAB-IIITM,DELAB-IIITM_primary,METEOR,20.72
Category 1,English to Manipuri (Bengali),eng_Latn,mni_Beng,en2indic,False,primary,DELAB-IIITM,DELAB-IIITM_primary,TER,81.4
Category 1,English to Manipuri (Bengali),eng_Latn,mni_Beng,en2indic,False,primary,DELAB-IIITM,DELAB-IIITM_primary,CHRF++,41.16
Category 1,English to Manipuri (Bengali),eng_Latn,mni_Beng,en2indic,False,primary,DELAB-IIITM,DELAB-IIITM_primary,BERTScore,85.03
Category 1,English to Manipuri (Bengali),eng_Latn,mni_Beng,en2indic,False,primary,DELAB-IIITM,DELAB-IIITM_primary,COMET,68.18
Category 1,English to Manipuri (Bengali),eng_Latn,mni_Beng,en2indic,False,primary,IndicMT,IndicMT_primary,BLEU,0.0
Category 1,English to Manipuri (Bengali),eng_Latn,mni_Beng,en2indic,False,primary,IndicMT,IndicMT_primary,METEOR,0.36
Category 1,English to Manipuri (Bengali),eng_Latn,mni_Beng,en2indic,False,primary,IndicMT,IndicMT_primary,TER,117.33
Category 1,English to Manipuri (Bengali),eng_Latn,mni_Beng,en2indic,False,primary,IndicMT,IndicMT_primary,CHRF++,7.89
Category 1,English to Manipuri (Bengali),eng_Latn,mni_Beng,en2indic,False,primary,IndicMT,IndicMT_primary,BERTScore,67.71
Category 1,English to Manipuri (Bengali),eng_Latn,mni_Beng,en2indic,False,primary,IndicMT,IndicMT_primary,COMET,48.23
Category 1,English to Manipuri (Bengali),eng_Latn,mni_Beng,en2indic,False,primary,RozarNLP-cr7,RozarNLP-cr7_primary,BLEU,0.0
Category 1,English to Manipuri (Bengali),eng_Latn,mni_Beng,en2indic,False,primary,RozarNLP-cr7,RozarNLP-cr7_primary,METEOR,0.17
Category 1,English to Manipuri (Bengali),eng_Latn,mni_Beng,en2indic,False,primary,RozarNLP-cr7,RozarNLP-cr7_primary,TER,100.0
Category 1,English to Manipuri (Bengali),eng_Latn,mni_Beng,en2indic,False,primary,RozarNLP-cr7,RozarNLP-cr7_primary,CHRF++,0.06
Category 1,English to Manipuri (Bengali),eng_Latn,mni_Beng,en2indic,False,primary,RozarNLP-cr7,RozarNLP-cr7_primary,BERTScore,3.56
Category 1,English to Manipuri (Bengali),eng_Latn,mni_Beng,en2indic,False,primary,RozarNLP-cr7,RozarNLP-cr7_primary,COMET,31.03
Category 1,English to Manipuri (Bengali),eng_Latn,mni_Beng,en2indic,False,contrastive,RozarNLP-cr7,RozarNLP-cr7_contrastive,BLEU,10.18
Category 1,English to Manipuri (Bengali),eng_Latn,mni_Beng,en2indic,False,contrastive,RozarNLP-cr7,RozarNLP-cr7_contrastive,METEOR,17.81
Category 1,English to Manipuri (Bengali),eng_Latn,mni_Beng,en2indic,False,contrastive,RozarNLP-cr7,RozarNLP-cr7_contrastive,TER,86.81
Category 1,English to Manipuri (Bengali),eng_Latn,mni_Beng,en2indic,False,contrastive,RozarNLP-cr7,RozarNLP-cr7_contrastive,CHRF++,39.03
Category 1,English to Manipuri (Bengali),eng_Latn,mni_Beng,en2indic,False,contrastive,RozarNLP-cr7,RozarNLP-cr7_contrastive,BERTScore,84.26
Category 1,English to Manipuri (Bengali),eng_Latn,mni_Beng,en2indic,False,contrastive,RozarNLP-cr7,RozarNLP-cr7_contrastive,COMET,67.6
Category 1,English to Manipuri (Bengali),eng_Latn,mni_Beng,en2indic,False,contrastive,DELAB-IIITM,DELAB-IIITM_contrastive,BLEU,9.75
Category 1,English to Manipuri (Bengali),eng_Latn,mni_Beng,en2indic,False,contrastive,DELAB-IIITM,DELAB-IIITM_contrastive,METEOR,18.72
Category 1,English to Manipuri (Bengali),eng_Latn,mni_Beng,en2indic,False,contrastive,DELAB-IIITM,DELAB-IIITM_contrastive,TER,82.59
Category 1,English to Manipuri (Bengali),eng_Latn,mni_Beng,en2indic,False,contrastive,DELAB-IIITM,DELAB-IIITM_contrastive,CHRF++,38.88
Category 1,English to Manipuri (Bengali),eng_Latn,mni_Beng,en2indic,False,contrastive,DELAB-IIITM,DELAB-IIITM_contrastive,BERTScore,84.01
Category 1,English to Manipuri (Bengali),eng_Latn,mni_Beng,en2indic,False,contrastive,DELAB-IIITM,DELAB-IIITM_contrastive,COMET,67.61
Category 1,English to Manipuri (Bengali),eng_Latn,mni_Beng,en2indic,False,contrastive,DoDS-IITPKD,DoDS-IITPKD_contrastive2,BLEU,8.66
Category 1,English to Manipuri (Bengali),eng_Latn,mni_Beng,en2indic,False,contrastive,DoDS-IITPKD,DoDS-IITPKD_contrastive2,METEOR,18.43
Category 1,English to Manipuri (Bengali),eng_Latn,mni_Beng,en2indic,False,contrastive,DoDS-IITPKD,DoDS-IITPKD_contrastive2,TER,84.51
Category 1,English to Manipuri (Bengali),eng_Latn,mni_Beng,en2indic,False,contrastive,DoDS-IITPKD,DoDS-IITPKD_contrastive2,CHRF++,39.75
Category 1,English to Manipuri (Bengali),eng_Latn,mni_Beng,en2indic,False,contrastive,DoDS-IITPKD,DoDS-IITPKD_contrastive2,BERTScore,84.72
Category 1,English to Manipuri (Bengali),eng_Latn,mni_Beng,en2indic,False,contrastive,DoDS-IITPKD,DoDS-IITPKD_contrastive2,COMET,67.65
Category 1,English to Manipuri (Bengali),eng_Latn,mni_Beng,en2indic,False,contrastive,gators,gators_contrastive,BLEU,8.15
Category 1,English to Manipuri (Bengali),eng_Latn,mni_Beng,en2indic,False,contrastive,gators,gators_contrastive,METEOR,18.2
Category 1,English to Manipuri (Bengali),eng_Latn,mni_Beng,en2indic,False,contrastive,gators,gators_contrastive,TER,89.62
Category 1,English to Manipuri (Bengali),eng_Latn,mni_Beng,en2indic,False,contrastive,gators,gators_contrastive,CHRF++,39.89
Category 1,English to Manipuri (Bengali),eng_Latn,mni_Beng,en2indic,False,contrastive,gators,gators_contrastive,BERTScore,85.0
Category 1,English to Manipuri (Bengali),eng_Latn,mni_Beng,en2indic,False,contrastive,gators,gators_contrastive,COMET,67.86
Category 1,English to Manipuri (Bengali),eng_Latn,mni_Beng,en2indic,True,contrastive,BVSLP,BVSLP_contrastive,BLEU,7.21
Category 1,English to Manipuri (Bengali),eng_Latn,mni_Beng,en2indic,True,contrastive,BVSLP,BVSLP_contrastive,METEOR,19.17
Category 1,English to Manipuri (Bengali),eng_Latn,mni_Beng,en2indic,True,contrastive,BVSLP,BVSLP_contrastive,TER,84.36
Category 1,English to Manipuri (Bengali),eng_Latn,mni_Beng,en2indic,True,contrastive,BVSLP,BVSLP_contrastive,CHRF++,39.6
Category 1,English to Manipuri (Bengali),eng_Latn,mni_Beng,en2indic,True,contrastive,BVSLP,BVSLP_contrastive,BERTScore,84.54
Category 1,English to Manipuri (Bengali),eng_Latn,mni_Beng,en2indic,True,contrastive,BVSLP,BVSLP_contrastive,COMET,67.85
Category 1,English to Manipuri (Bengali),eng_Latn,mni_Beng,en2indic,False,contrastive,DoDS-IITPKD,DoDS-IITPKD_contrastive,BLEU,5.23
Category 1,English to Manipuri (Bengali),eng_Latn,mni_Beng,en2indic,False,contrastive,DoDS-IITPKD,DoDS-IITPKD_contrastive,METEOR,18.45
Category 1,English to Manipuri (Bengali),eng_Latn,mni_Beng,en2indic,False,contrastive,DoDS-IITPKD,DoDS-IITPKD_contrastive,TER,86.74
Category 1,English to Manipuri (Bengali),eng_Latn,mni_Beng,en2indic,False,contrastive,DoDS-IITPKD,DoDS-IITPKD_contrastive,CHRF++,39.6
Category 1,English to Manipuri (Bengali),eng_Latn,mni_Beng,en2indic,False,contrastive,DoDS-IITPKD,DoDS-IITPKD_contrastive,BERTScore,84.72
Category 1,English to Manipuri (Bengali),eng_Latn,mni_Beng,en2indic,False,contrastive,DoDS-IITPKD,DoDS-IITPKD_contrastive,COMET,67.78
Category 1,Manipuri(Bengali) to English,mni_Beng,eng_Latn,indic2en,False,primary,gators,gators_primary,BLEU,45.86
Category 1,Manipuri(Bengali) to English,mni_Beng,eng_Latn,indic2en,False,primary,gators,gators_primary,METEOR,77.29
Category 1,Manipuri(Bengali) to English,mni_Beng,eng_Latn,indic2en,False,primary,gators,gators_primary,TER,41.23
Category 1,Manipuri(Bengali) to English,mni_Beng,eng_Latn,indic2en,False,primary,gators,gators_primary,CHRF++,72.44
Category 1,Manipuri(Bengali) to English,mni_Beng,eng_Latn,indic2en,False,primary,gators,gators_primary,BERTScore,96.84
Category 1,Manipuri(Bengali) to English,mni_Beng,eng_Latn,indic2en,False,primary,gators,gators_primary,COMET,85.93
Category 1,Manipuri(Bengali) to English,mni_Beng,eng_Latn,indic2en,False,primary,DoDS-IITPKD,DoDS-IITPKD_primary,BLEU,38.84
Category 1,Manipuri(Bengali) to English,mni_Beng,eng_Latn,indic2en,False,primary,DoDS-IITPKD,DoDS-IITPKD_primary,METEOR,73.61
Category 1,Manipuri(Bengali) to English,mni_Beng,eng_Latn,indic2en,False,primary,DoDS-IITPKD,DoDS-IITPKD_primary,TER,47.9
Category 1,Manipuri(Bengali) to English,mni_Beng,eng_Latn,indic2en,False,primary,DoDS-IITPKD,DoDS-IITPKD_primary,CHRF++,68.52
Category 1,Manipuri(Bengali) to English,mni_Beng,eng_Latn,indic2en,False,primary,DoDS-IITPKD,DoDS-IITPKD_primary,BERTScore,95.69
Category 1,Manipuri(Bengali) to English,mni_Beng,eng_Latn,indic2en,False,primary,DoDS-IITPKD,DoDS-IITPKD_primary,COMET,82.74
Category 1,Manipuri(Bengali) to English,mni_Beng,eng_Latn,indic2en,False,primary,Winterpeg,Winterpeg_primary,BLEU,37.81
Category 1,Manipuri(Bengali) to English,mni_Beng,eng_Latn,indic2en,False,primary,Winterpeg,Winterpeg_primary,METEOR,70.27
Category 1,Manipuri(Bengali) to English,mni_Beng,eng_Latn,indic2en,False,primary,Winterpeg,Winterpeg_primary,TER,44.56
Category 1,Manipuri(Bengali) to English,mni_Beng,eng_Latn,indic2en,False,primary,Winterpeg,Winterpeg_primary,CHRF++,65.55
Category 1,Manipuri(Bengali) to English,mni_Beng,eng_Latn,indic2en,False,primary,Winterpeg,Winterpeg_primary,BERTScore,95.77
Category 1,Manipuri(Bengali) to English,mni_Beng,eng_Latn,indic2en,False,primary,Winterpeg,Winterpeg_primary,COMET,82.68
Category 1,Manipuri(Bengali) to English,mni_Beng,eng_Latn,indic2en,False,primary,TIP-RBG-AI,TIP-RBG-AI_primary,BLEU,36.39
Category 1,Manipuri(Bengali) to English,mni_Beng,eng_Latn,indic2en,False,primary,TIP-RBG-AI,TIP-RBG-AI_primary,METEOR,70.3
Category 1,Manipuri(Bengali) to English,mni_Beng,eng_Latn,indic2en,False,primary,TIP-RBG-AI,TIP-RBG-AI_primary,TER,50.15
Category 1,Manipuri(Bengali) to English,mni_Beng,eng_Latn,indic2en,False,primary,TIP-RBG-AI,TIP-RBG-AI_primary,CHRF++,65.7
Category 1,Manipuri(Bengali) to English,mni_Beng,eng_Latn,indic2en,False,primary,TIP-RBG-AI,TIP-RBG-AI_primary,BERTScore,95.67
Category 1,Manipuri(Bengali) to English,mni_Beng,eng_Latn,indic2en,False,primary,TIP-RBG-AI,TIP-RBG-AI_primary,COMET,82.44
Category 1,Manipuri(Bengali) to English,mni_Beng,eng_Latn,indic2en,False,primary,PANINI,PANINI_primary,BLEU,35.79
Category 1,Manipuri(Bengali) to English,mni_Beng,eng_Latn,indic2en,False,primary,PANINI,PANINI_primary,METEOR,71.98
Category 1,Manipuri(Bengali) to English,mni_Beng,eng_Latn,indic2en,False,primary,PANINI,PANINI_primary,TER,49.72
Category 1,Manipuri(Bengali) to English,mni_Beng,eng_Latn,indic2en,False,primary,PANINI,PANINI_primary,CHRF++,66.08
Category 1,Manipuri(Bengali) to English,mni_Beng,eng_Latn,indic2en,False,primary,PANINI,PANINI_primary,BERTScore,95.74
Category 1,Manipuri(Bengali) to English,mni_Beng,eng_Latn,indic2en,False,primary,PANINI,PANINI_primary,COMET,82.9
Category 1,Manipuri(Bengali) to English,mni_Beng,eng_Latn,indic2en,False,primary,RozarNLP-cr7,RozarNLP-cr7_primary,BLEU,33.52
Category 1,Manipuri(Bengali) to English,mni_Beng,eng_Latn,indic2en,False,primary,RozarNLP-cr7,RozarNLP-cr7_primary,METEOR,70.51
Category 1,Manipuri(Bengali) to English,mni_Beng,eng_Latn,indic2en,False,primary,RozarNLP-cr7,RozarNLP-cr7_primary,TER,50.03
Category 1,Manipuri(Bengali) to English,mni_Beng,eng_Latn,indic2en,False,primary,RozarNLP-cr7,RozarNLP-cr7_primary,CHRF++,63.81
Category 1,Manipuri(Bengali) to English,mni_Beng,eng_Latn,indic2en,False,primary,RozarNLP-cr7,RozarNLP-cr7_primary,BERTScore,95.38
Category 1,Manipuri(Bengali) to English,mni_Beng,eng_Latn,indic2en,False,primary,RozarNLP-cr7,RozarNLP-cr7_primary,COMET,81.69
Category 1,Manipuri(Bengali) to English,mni_Beng,eng_Latn,indic2en,False,primary,NLP-MT_Amrita,NLP-MT_Amrita_Primary_NLLB,BLEU,32.36
Category 1,Manipuri(Bengali) to English,mni_Beng,eng_Latn,indic2en,False,primary,NLP-MT_Amrita,NLP-MT_Amrita_Primary_NLLB,METEOR,67.01
Category 1,Manipuri(Bengali) to English,mni_Beng,eng_Latn,indic2en,False,primary,NLP-MT_Amrita,NLP-MT_Amrita_Primary_NLLB,TER,54.87
Category 1,Manipuri(Bengali) to English,mni_Beng,eng_Latn,indic2en,False,primary,NLP-MT_Amrita,NLP-MT_Amrita_Primary_NLLB,CHRF++,62.68
Category 1,Manipuri(Bengali) to English,mni_Beng,eng_Latn,indic2en,False,primary,NLP-MT_Amrita,NLP-MT_Amrita_Primary_NLLB,BERTScore,95.04
Category 1,Manipuri(Bengali) to English,mni_Beng,eng_Latn,indic2en,False,primary,NLP-MT_Amrita,NLP-MT_Amrita_Primary_NLLB,COMET,80.51
Category 1,Manipuri(Bengali) to English,mni_Beng,eng_Latn,indic2en,True,primary,BVSLP,BVSLP_primary,BLEU,26.56
Category 1,Manipuri(Bengali) to English,mni_Beng,eng_Latn,indic2en,True,primary,BVSLP,BVSLP_primary,METEOR,62.47
Category 1,Manipuri(Bengali) to English,mni_Beng,eng_Latn,indic2en,True,primary,BVSLP,BVSLP_primary,TER,63.97
Category 1,Manipuri(Bengali) to English,mni_Beng,eng_Latn,indic2en,True,primary,BVSLP,BVSLP_primary,CHRF++,57.79
Category 1,Manipuri(Bengali) to English,mni_Beng,eng_Latn,indic2en,True,primary,BVSLP,BVSLP_primary,BERTScore,94.69
Category 1,Manipuri(Bengali) to English,mni_Beng,eng_Latn,indic2en,True,primary,BVSLP,BVSLP_primary,COMET,80.74
Category 1,Manipuri(Bengali) to English,mni_Beng,eng_Latn,indic2en,False,primary,NLP-MT_Amrita,NLP-MT_Amrita_Primary_Sarvam,BLEU,23.61
Category 1,Manipuri(Bengali) to English,mni_Beng,eng_Latn,indic2en,False,primary,NLP-MT_Amrita,NLP-MT_Amrita_Primary_Sarvam,METEOR,59.02
Category 1,Manipuri(Bengali) to English,mni_Beng,eng_Latn,indic2en,False,primary,NLP-MT_Amrita,NLP-MT_Amrita_Primary_Sarvam,TER,68.42
Category 1,Manipuri(Bengali) to English,mni_Beng,eng_Latn,indic2en,False,primary,NLP-MT_Amrita,NLP-MT_Amrita_Primary_Sarvam,CHRF++,55.59
Category 1,Manipuri(Bengali) to English,mni_Beng,eng_Latn,indic2en,False,primary,NLP-MT_Amrita,NLP-MT_Amrita_Primary_Sarvam,BERTScore,93.39
Category 1,Manipuri(Bengali) to English,mni_Beng,eng_Latn,indic2en,False,primary,NLP-MT_Amrita,NLP-MT_Amrita_Primary_Sarvam,COMET,75.02
Category 1,Manipuri(Bengali) to English,mni_Beng,eng_Latn,indic2en,False,primary,EROL,EROL_primary,BLEU,22.47
Category 1,Manipuri(Bengali) to English,mni_Beng,eng_Latn,indic2en,False,primary,EROL,EROL_primary,METEOR,56.6
Category 1,Manipuri(Bengali) to English,mni_Beng,eng_Latn,indic2en,False,primary,EROL,EROL_primary,TER,69.41
Category 1,Manipuri(Bengali) to English,mni_Beng,eng_Latn,indic2en,False,primary,EROL,EROL_primary,CHRF++,53.04
Category 1,Manipuri(Bengali) to English,mni_Beng,eng_Latn,indic2en,False,primary,EROL,EROL_primary,BERTScore,94.27
Category 1,Manipuri(Bengali) to English,mni_Beng,eng_Latn,indic2en,False,primary,EROL,EROL_primary,COMET,80.15
Category 1,Manipuri(Bengali) to English,mni_Beng,eng_Latn,indic2en,True,primary,VoxNexus-Translate,VoxNexus-Translate_primary,BLEU,22.43
Category 1,Manipuri(Bengali) to English,mni_Beng,eng_Latn,indic2en,True,primary,VoxNexus-Translate,VoxNexus-Translate_primary,METEOR,52.01
Category 1,Manipuri(Bengali) to English,mni_Beng,eng_Latn,indic2en,True,primary,VoxNexus-Translate,VoxNexus-Translate_primary,TER,63.42
Category 1,Manipuri(Bengali) to English,mni_Beng,eng_Latn,indic2en,True,primary,VoxNexus-Translate,VoxNexus-Translate_primary,CHRF++,48.89
Category 1,Manipuri(Bengali) to English,mni_Beng,eng_Latn,indic2en,True,primary,VoxNexus-Translate,VoxNexus-Translate_primary,BERTScore,94.58
Category 1,Manipuri(Bengali) to English,mni_Beng,eng_Latn,indic2en,True,primary,VoxNexus-Translate,VoxNexus-Translate_primary,COMET,79.97
Category 1,Manipuri(Bengali) to English,mni_Beng,eng_Latn,indic2en,False,primary,Akiba-NLP,Akiba-NLP_primary,BLEU,0.5
Category 1,Manipuri(Bengali) to English,mni_Beng,eng_Latn,indic2en,False,primary,Akiba-NLP,Akiba-NLP_primary,METEOR,12.54
Category 1,Manipuri(Bengali) to English,mni_Beng,eng_Latn,indic2en,False,primary,Akiba-NLP,Akiba-NLP_primary,TER,292.36
Category 1,Manipuri(Bengali) to English,mni_Beng,eng_Latn,indic2en,False,primary,Akiba-NLP,Akiba-NLP_primary,CHRF++,18.09
Category 1,Manipuri(Bengali) to English,mni_Beng,eng_Latn,indic2en,False,primary,Akiba-NLP,Akiba-NLP_primary,BERTScore,83.19
Category 1,Manipuri(Bengali) to English,mni_Beng,eng_Latn,indic2en,False,primary,Akiba-NLP,Akiba-NLP_primary,COMET,47.14
Category 1,Manipuri(Bengali) to English,mni_Beng,eng_Latn,indic2en,False,primary,NLP-MT_Amrita,NLP-MT_Amrita_Primary_IndicTrans2,BLEU,0.28
Category 1,Manipuri(Bengali) to English,mni_Beng,eng_Latn,indic2en,False,primary,NLP-MT_Amrita,NLP-MT_Amrita_Primary_IndicTrans2,METEOR,8.8
Category 1,Manipuri(Bengali) to English,mni_Beng,eng_Latn,indic2en,False,primary,NLP-MT_Amrita,NLP-MT_Amrita_Primary_IndicTrans2,TER,123.41
Category 1,Manipuri(Bengali) to English,mni_Beng,eng_Latn,indic2en,False,primary,NLP-MT_Amrita,NLP-MT_Amrita_Primary_IndicTrans2,CHRF++,16.21
Category 1,Manipuri(Bengali) to English,mni_Beng,eng_Latn,indic2en,False,primary,NLP-MT_Amrita,NLP-MT_Amrita_Primary_IndicTrans2,BERTScore,84.31
Category 1,Manipuri(Bengali) to English,mni_Beng,eng_Latn,indic2en,False,primary,NLP-MT_Amrita,NLP-MT_Amrita_Primary_IndicTrans2,COMET,47.85
Category 1,Manipuri(Bengali) to English,mni_Beng,eng_Latn,indic2en,False,primary,IndicMT,IndicMT_primary,BLEU,0.1
Category 1,Manipuri(Bengali) to English,mni_Beng,eng_Latn,indic2en,False,primary,IndicMT,IndicMT_primary,METEOR,3.77
Category 1,Manipuri(Bengali) to English,mni_Beng,eng_Latn,indic2en,False,primary,IndicMT,IndicMT_primary,TER,177.57
Category 1,Manipuri(Bengali) to English,mni_Beng,eng_Latn,indic2en,False,primary,IndicMT,IndicMT_primary,CHRF++,12.08
Category 1,Manipuri(Bengali) to English,mni_Beng,eng_Latn,indic2en,False,primary,IndicMT,IndicMT_primary,BERTScore,82.32
Category 1,Manipuri(Bengali) to English,mni_Beng,eng_Latn,indic2en,False,primary,IndicMT,IndicMT_primary,COMET,41.94
Category 1,Manipuri(Bengali) to English,mni_Beng,eng_Latn,indic2en,False,contrastive,gators,gators_contrastive,BLEU,45.93
Category 1,Manipuri(Bengali) to English,mni_Beng,eng_Latn,indic2en,False,contrastive,gators,gators_contrastive,METEOR,77.32
Category 1,Manipuri(Bengali) to English,mni_Beng,eng_Latn,indic2en,False,contrastive,gators,gators_contrastive,TER,40.27
Category 1,Manipuri(Bengali) to English,mni_Beng,eng_Latn,indic2en,False,contrastive,gators,gators_contrastive,CHRF++,72.37
Category 1,Manipuri(Bengali) to English,mni_Beng,eng_Latn,indic2en,False,contrastive,gators,gators_contrastive,BERTScore,96.85
Category 1,Manipuri(Bengali) to English,mni_Beng,eng_Latn,indic2en,False,contrastive,gators,gators_contrastive,COMET,85.97
Category 1,Manipuri(Bengali) to English,mni_Beng,eng_Latn,indic2en,False,contrastive,DoDS-IITPKD,DoDS-IITPKD_contrastive,BLEU,40.84
Category 1,Manipuri(Bengali) to English,mni_Beng,eng_Latn,indic2en,False,contrastive,DoDS-IITPKD,DoDS-IITPKD_contrastive,METEOR,74.57
Category 1,Manipuri(Bengali) to English,mni_Beng,eng_Latn,indic2en,False,contrastive,DoDS-IITPKD,DoDS-IITPKD_contrastive,TER,45.79
Category 1,Manipuri(Bengali) to English,mni_Beng,eng_Latn,indic2en,False,contrastive,DoDS-IITPKD,DoDS-IITPKD_contrastive,CHRF++,69.49
Category 1,Manipuri(Bengali) to English,mni_Beng,eng_Latn,indic2en,False,contrastive,DoDS-IITPKD,DoDS-IITPKD_contrastive,BERTScore,96.33
Category 1,Manipuri(Bengali) to English,mni_Beng,eng_Latn,indic2en,False,contrastive,DoDS-IITPKD,DoDS-IITPKD_contrastive,COMET,84.09
Category 1,Manipuri(Bengali) to English,mni_Beng,eng_Latn,indic2en,False,constrained,DoDS-IITPKD,DoDS-IITPKD_constrained,BLEU,37.75
Category 1,Manipuri(Bengali) to English,mni_Beng,eng_Latn,indic2en,False,constrained,DoDS-IITPKD,DoDS-IITPKD_constrained,METEOR,73.49
Category 1,Manipuri(Bengali) to English,mni_Beng,eng_Latn,indic2en,False,constrained,DoDS-IITPKD,DoDS-IITPKD_constrained,TER,49.01
Category 1,Manipuri(Bengali) to English,mni_Beng,eng_Latn,indic2en,False,constrained,DoDS-IITPKD,DoDS-IITPKD_constrained,CHRF++,68.0
Category 1,Manipuri(Bengali) to English,mni_Beng,eng_Latn,indic2en,False,constrained,DoDS-IITPKD,DoDS-IITPKD_constrained,BERTScore,95.75
Category 1,Manipuri(Bengali) to English,mni_Beng,eng_Latn,indic2en,False,constrained,DoDS-IITPKD,DoDS-IITPKD_constrained,COMET,82.77
Category 1,Manipuri(Bengali) to English,mni_Beng,eng_Latn,indic2en,True,contrastive,BVSLP,BVSLP_contrastive,BLEU,30.59
Category 1,Manipuri(Bengali) to English,mni_Beng,eng_Latn,indic2en,True,contrastive,BVSLP,BVSLP_contrastive,METEOR,68.09
Category 1,Manipuri(Bengali) to English,mni_Beng,eng_Latn,indic2en,True,contrastive,BVSLP,BVSLP_contrastive,TER,59.01
Category 1,Manipuri(Bengali) to English,mni_Beng,eng_Latn,indic2en,True,contrastive,BVSLP,BVSLP_contrastive,CHRF++,63.12
Category 1,Manipuri(Bengali) to English,mni_Beng,eng_Latn,indic2en,True,contrastive,BVSLP,BVSLP_contrastive,BERTScore,94.95
Category 1,Manipuri(Bengali) to English,mni_Beng,eng_Latn,indic2en,True,contrastive,BVSLP,BVSLP_contrastive,COMET,81.14
Category 1,Manipuri(Bengali) to English,mni_Beng,eng_Latn,indic2en,False,contrastive,RozarNLP-cr7,RozarNLP-cr7_contrastive,BLEU,22.64
Category 1,Manipuri(Bengali) to English,mni_Beng,eng_Latn,indic2en,False,contrastive,RozarNLP-cr7,RozarNLP-cr7_contrastive,METEOR,61.99
Category 1,Manipuri(Bengali) to English,mni_Beng,eng_Latn,indic2en,False,contrastive,RozarNLP-cr7,RozarNLP-cr7_contrastive,TER,71.33
Category 1,Manipuri(Bengali) to English,mni_Beng,eng_Latn,indic2en,False,contrastive,RozarNLP-cr7,RozarNLP-cr7_contrastive,CHRF++,59.07
Category 1,Manipuri(Bengali) to English,mni_Beng,eng_Latn,indic2en,False,contrastive,RozarNLP-cr7,RozarNLP-cr7_contrastive,BERTScore,92.69
Category 1,Manipuri(Bengali) to English,mni_Beng,eng_Latn,indic2en,False,contrastive,RozarNLP-cr7,RozarNLP-cr7_contrastive,COMET,72.13
Category 1,English to Manipuri(Meitei Mayek),eng_Latn,mni_Mtei,en2indic,False,primary,gators,gators_primary,BLEU,16.24
Category 1,English to Manipuri(Meitei Mayek),eng_Latn,mni_Mtei,en2indic,False,primary,gators,gators_primary,METEOR,38.02
Category 1,English to Manipuri(Meitei Mayek),eng_Latn,mni_Mtei,en2indic,False,primary,gators,gators_primary,TER,68.9
Category 1,English to Manipuri(Meitei Mayek),eng_Latn,mni_Mtei,en2indic,False,primary,gators,gators_primary,CHRF++,52.65
Category 1,English to Manipuri(Meitei Mayek),eng_Latn,mni_Mtei,en2indic,False,primary,gators,gators_primary,BERTScore,98.5
Category 1,English to Manipuri(Meitei Mayek),eng_Latn,mni_Mtei,en2indic,False,primary,gators,gators_primary,COMET,91.28
Category 1,English to Manipuri(Meitei Mayek),eng_Latn,mni_Mtei,en2indic,False,primary,MTG-LIRA,MTG-LIRA_primary,BLEU,12.63
Category 1,English to Manipuri(Meitei Mayek),eng_Latn,mni_Mtei,en2indic,False,primary,MTG-LIRA,MTG-LIRA_primary,METEOR,30.38
Category 1,English to Manipuri(Meitei Mayek),eng_Latn,mni_Mtei,en2indic,False,primary,MTG-LIRA,MTG-LIRA_primary,TER,73.03
Category 1,English to Manipuri(Meitei Mayek),eng_Latn,mni_Mtei,en2indic,False,primary,MTG-LIRA,MTG-LIRA_primary,CHRF++,46.0
Category 1,English to Manipuri(Meitei Mayek),eng_Latn,mni_Mtei,en2indic,False,primary,MTG-LIRA,MTG-LIRA_primary,BERTScore,97.15
Category 1,English to Manipuri(Meitei Mayek),eng_Latn,mni_Mtei,en2indic,False,primary,MTG-LIRA,MTG-LIRA_primary,COMET,90.85
Category 1,English to Manipuri(Meitei Mayek),eng_Latn,mni_Mtei,en2indic,False,primary,PANINI,PANINI_primary,BLEU,9.6
Category 1,English to Manipuri(Meitei Mayek),eng_Latn,mni_Mtei,en2indic,False,primary,PANINI,PANINI_primary,METEOR,27.55
Category 1,English to Manipuri(Meitei Mayek),eng_Latn,mni_Mtei,en2indic,False,primary,PANINI,PANINI_primary,TER,81.18
Category 1,English to Manipuri(Meitei Mayek),eng_Latn,mni_Mtei,en2indic,False,primary,PANINI,PANINI_primary,CHRF++,45.87
Category 1,English to Manipuri(Meitei Mayek),eng_Latn,mni_Mtei,en2indic,False,primary,PANINI,PANINI_primary,BERTScore,98.85
Category 1,English to Manipuri(Meitei Mayek),eng_Latn,mni_Mtei,en2indic,False,primary,PANINI,PANINI_primary,COMET,92.31
Category 1,English to Manipuri(Meitei Mayek),eng_Latn,mni_Mtei,en2indic,False,primary,DELAB-IIITM,DELAB-IIITM_primary,BLEU,5.1
Category 1,English to Manipuri(Meitei Mayek),eng_Latn,mni_Mtei,en2indic,False,primary,DELAB-IIITM,DELAB-IIITM_primary,METEOR,20.04
Category 1,English to Manipuri(Meitei Mayek),eng_Latn,mni_Mtei,en2indic,False,primary,DELAB-IIITM,DELAB-IIITM_primary,TER,86.42
Category 1,English to Manipuri(Meitei Mayek),eng_Latn,mni_Mtei,en2indic,False,primary,DELAB-IIITM,DELAB-IIITM_primary,CHRF++,38.36
Category 1,English to Manipuri(Meitei Mayek),eng_Latn,mni_Mtei,en2indic,False,primary,DELAB-IIITM,DELAB-IIITM_primary,BERTScore,97.67
Category 1,English to Manipuri(Meitei Mayek),eng_Latn,mni_Mtei,en2indic,False,primary,DELAB-IIITM,DELAB-IIITM_primary,COMET,88.58
Category 1,English to Manipuri(Meitei Mayek),eng_Latn,mni_Mtei,en2indic,False,primary,EROL,EROL_primary,BLEU,3.96
Category 1,English to Manipuri(Meitei Mayek),eng_Latn,mni_Mtei,en2indic,False,primary,EROL,EROL_primary,METEOR,19.8
Category 1,English to Manipuri(Meitei Mayek),eng_Latn,mni_Mtei,en2indic,False,primary,EROL,EROL_primary,TER,118.02
Category 1,English to Manipuri(Meitei Mayek),eng_Latn,mni_Mtei,en2indic,False,primary,EROL,EROL_primary,CHRF++,41.39
Category 1,English to Manipuri(Meitei Mayek),eng_Latn,mni_Mtei,en2indic,False,primary,EROL,EROL_primary,BERTScore,96.76
Category 1,English to Manipuri(Meitei Mayek),eng_Latn,mni_Mtei,en2indic,False,primary,EROL,EROL_primary,COMET,84.75
Category 1,English to Manipuri(Meitei Mayek),eng_Latn,mni_Mtei,en2indic,True,primary,BVSLP,BVSLP_primary,BLEU,3.82
Category 1,English to Manipuri(Meitei Mayek),eng_Latn,mni_Mtei,en2indic,True,primary,BVSLP,BVSLP_primary,METEOR,12.37
Category 1,English to Manipuri(Meitei Mayek),eng_Latn,mni_Mtei,en2indic,True,primary,BVSLP,BVSLP_primary,TER,102.3
Category 1,English to Manipuri(Meitei Mayek),eng_Latn,mni_Mtei,en2indic,True,primary,BVSLP,BVSLP_primary,CHRF++,27.68
Category 1,English to Manipuri(Meitei Mayek),eng_Latn,mni_Mtei,en2indic,True,primary,BVSLP,BVSLP_primary,BERTScore,96.23
Category 1,English to Manipuri(Meitei Mayek),eng_Latn,mni_Mtei,en2indic,True,primary,BVSLP,BVSLP_primary,COMET,87.54
Category 1,English to Manipuri(Meitei Mayek),eng_Latn,mni_Mtei,en2indic,False,primary,KrenTransV0-1,KrenTransV0-1_primary,BLEU,3.56
Category 1,English to Manipuri(Meitei Mayek),eng_Latn,mni_Mtei,en2indic,False,primary,KrenTransV0-1,KrenTransV0-1_primary,METEOR,18.86
Category 1,English to Manipuri(Meitei Mayek),eng_Latn,mni_Mtei,en2indic,False,primary,KrenTransV0-1,KrenTransV0-1_primary,TER,122.0
Category 1,English to Manipuri(Meitei Mayek),eng_Latn,mni_Mtei,en2indic,False,primary,KrenTransV0-1,KrenTransV0-1_primary,CHRF++,38.99
Category 1,English to Manipuri(Meitei Mayek),eng_Latn,mni_Mtei,en2indic,False,primary,KrenTransV0-1,KrenTransV0-1_primary,BERTScore,96.81
Category 1,English to Manipuri(Meitei Mayek),eng_Latn,mni_Mtei,en2indic,False,primary,KrenTransV0-1,KrenTransV0-1_primary,COMET,85.13
Category 1,English to Manipuri(Meitei Mayek),eng_Latn,mni_Mtei,en2indic,False,primary,RozarNLP-cr7,RozarNLP-cr7_primary,BLEU,3.46
Category 1,English to Manipuri(Meitei Mayek),eng_Latn,mni_Mtei,en2indic,False,primary,RozarNLP-cr7,RozarNLP-cr7_primary,METEOR,17.98
Category 1,English to Manipuri(Meitei Mayek),eng_Latn,mni_Mtei,en2indic,False,primary,RozarNLP-cr7,RozarNLP-cr7_primary,TER,119.2
Category 1,English to Manipuri(Meitei Mayek),eng_Latn,mni_Mtei,en2indic,False,primary,RozarNLP-cr7,RozarNLP-cr7_primary,CHRF++,38.6
Category 1,English to Manipuri(Meitei Mayek),eng_Latn,mni_Mtei,en2indic,False,primary,RozarNLP-cr7,RozarNLP-cr7_primary,BERTScore,96.67
Category 1,English to Manipuri(Meitei Mayek),eng_Latn,mni_Mtei,en2indic,False,primary,RozarNLP-cr7,RozarNLP-cr7_primary,COMET,84.57
Category 1,English to Manipuri(Meitei Mayek),eng_Latn,mni_Mtei,en2indic,False,primary,Winterpeg,Winterpeg_primary,BLEU,0.0
Category 1,English to Manipuri(Meitei Mayek),eng_Latn,mni_Mtei,en2indic,False,primary,Winterpeg,Winterpeg_primary,METEOR,2.27
Category 1,English to Manipuri(Meitei Mayek),eng_Latn,mni_Mtei,en2indic,False,primary,Winterpeg,Winterpeg_primary,TER,101.91
Category 1,English to Manipuri(Meitei Mayek),eng_Latn,mni_Mtei,en2indic,False,primary,Winterpeg,Winterpeg_primary,CHRF++,12.49
Category 1,English to Manipuri(Meitei Mayek),eng_Latn,mni_Mtei,en2indic,False,primary,Winterpeg,Winterpeg_primary,BERTScore,94.16
Category 1,English to Manipuri(Meitei Mayek),eng_Latn,mni_Mtei,en2indic,False,primary,Winterpeg,Winterpeg_primary,COMET,77.39
Category 1,English to Manipuri(Meitei Mayek),eng_Latn,mni_Mtei,en2indic,False,contrastive,gators,gators_contrastive-Mtei,BLEU,16.62
Category 1,English to Manipuri(Meitei Mayek),eng_Latn,mni_Mtei,en2indic,False,contrastive,gators,gators_contrastive-Mtei,METEOR,38.35
Category 1,English to Manipuri(Meitei Mayek),eng_Latn,mni_Mtei,en2indic,False,contrastive,gators,gators_contrastive-Mtei,TER,68.95
Category 1,English to Manipuri(Meitei Mayek),eng_Latn,mni_Mtei,en2indic,False,contrastive,gators,gators_contrastive-Mtei,CHRF++,52.85
Category 1,English to Manipuri(Meitei Mayek),eng_Latn,mni_Mtei,en2indic,False,contrastive,gators,gators_contrastive-Mtei,BERTScore,98.53
Category 1,English to Manipuri(Meitei Mayek),eng_Latn,mni_Mtei,en2indic,False,contrastive,gators,gators_contrastive-Mtei,COMET,91.34
Category 1,English to Manipuri(Meitei Mayek),eng_Latn,mni_Mtei,en2indic,False,contrastive,DELAB-IIITM,DELAB-IIITM_contrastive,BLEU,3.55
Category 1,English to Manipuri(Meitei Mayek),eng_Latn,mni_Mtei,en2indic,False,contrastive,DELAB-IIITM,DELAB-IIITM_contrastive,METEOR,18.94
Category 1,English to Manipuri(Meitei Mayek),eng_Latn,mni_Mtei,en2indic,False,contrastive,DELAB-IIITM,DELAB-IIITM_contrastive,TER,121.96
Category 1,English to Manipuri(Meitei Mayek),eng_Latn,mni_Mtei,en2indic,False,contrastive,DELAB-IIITM,DELAB-IIITM_contrastive,CHRF++,39.02
Category 1,English to Manipuri(Meitei Mayek),eng_Latn,mni_Mtei,en2indic,False,contrastive,DELAB-IIITM,DELAB-IIITM_contrastive,BERTScore,96.81
Category 1,English to Manipuri(Meitei Mayek),eng_Latn,mni_Mtei,en2indic,False,contrastive,DELAB-IIITM,DELAB-IIITM_contrastive,COMET,85.09
Category 1,Manipuri(Meitei Mayek) to English,mni_Mtei,eng_Latn,indic2en,False,primary,gators,gators_primary,BLEU,38.61
Category 1,Manipuri(Meitei Mayek) to English,mni_Mtei,eng_Latn,indic2en,False,primary,gators,gators_primary,METEOR,70.96
Category 1,Manipuri(Meitei Mayek) to English,mni_Mtei,eng_Latn,indic2en,False,primary,gators,gators_primary,TER,47.73
Category 1,Manipuri(Meitei Mayek) to English,mni_Mtei,eng_Latn,indic2en,False,primary,gators,gators_primary,CHRF++,66.38
Category 1,Manipuri(Meitei Mayek) to English,mni_Mtei,eng_Latn,indic2en,False,primary,gators,gators_primary,BERTScore,96.25
Category 1,Manipuri(Meitei Mayek) to English,mni_Mtei,eng_Latn,indic2en,False,primary,gators,gators_primary,COMET,81.16
Category 1,Manipuri(Meitei Mayek) to English,mni_Mtei,eng_Latn,indic2en,False,primary,TIP-RBG-AI,TIP-RBG-AI_primary,BLEU,37.53
Category 1,Manipuri(Meitei Mayek) to English,mni_Mtei,eng_Latn,indic2en,False,primary,TIP-RBG-AI,TIP-RBG-AI_primary,METEOR,70.38
Category 1,Manipuri(Meitei Mayek) to English,mni_Mtei,eng_Latn,indic2en,False,primary,TIP-RBG-AI,TIP-RBG-AI_primary,TER,49.7
Category 1,Manipuri(Meitei Mayek) to English,mni_Mtei,eng_Latn,indic2en,False,primary,TIP-RBG-AI,TIP-RBG-AI_primary,CHRF++,65.91
Category 1,Manipuri(Meitei Mayek) to English,mni_Mtei,eng_Latn,indic2en,False,primary,TIP-RBG-AI,TIP-RBG-AI_primary,BERTScore,95.93
Category 1,Manipuri(Meitei Mayek) to English,mni_Mtei,eng_Latn,indic2en,False,primary,TIP-RBG-AI,TIP-RBG-AI_primary,COMET,79.99
Category 1,Manipuri(Meitei Mayek) to English,mni_Mtei,eng_Latn,indic2en,False,primary,PANINI,PANINI_primary,BLEU,36.56
Category 1,Manipuri(Meitei Mayek) to English,mni_Mtei,eng_Latn,indic2en,False,primary,PANINI,PANINI_primary,METEOR,70.29
Category 1,Manipuri(Meitei Mayek) to English,mni_Mtei,eng_Latn,indic2en,False,primary,PANINI,PANINI_primary,TER,49.12
Category 1,Manipuri(Meitei Mayek) to English,mni_Mtei,eng_Latn,indic2en,False,primary,PANINI,PANINI_primary,CHRF++,65.12
Category 1,Manipuri(Meitei Mayek) to English,mni_Mtei,eng_Latn,indic2en,False,primary,PANINI,PANINI_primary,BERTScore,96.02
Category 1,Manipuri(Meitei Mayek) to English,mni_Mtei,eng_Latn,indic2en,False,primary,PANINI,PANINI_primary,COMET,80.2
Category 1,Manipuri(Meitei Mayek) to English,mni_Mtei,eng_Latn,indic2en,False,primary,EROL,EROL_primary,BLEU,24.71
Category 1,Manipuri(Meitei Mayek) to English,mni_Mtei,eng_Latn,indic2en,False,primary,EROL,EROL_primary,METEOR,58.97
Category 1,Manipuri(Meitei Mayek) to English,mni_Mtei,eng_Latn,indic2en,False,primary,EROL,EROL_primary,TER,65.96
Category 1,Manipuri(Meitei Mayek) to English,mni_Mtei,eng_Latn,indic2en,False,primary,EROL,EROL_primary,CHRF++,55.0
Category 1,Manipuri(Meitei Mayek) to English,mni_Mtei,eng_Latn,indic2en,False,primary,EROL,EROL_primary,BERTScore,94.69
Category 1,Manipuri(Meitei Mayek) to English,mni_Mtei,eng_Latn,indic2en,False,primary,EROL,EROL_primary,COMET,77.82
Category 1,Manipuri(Meitei Mayek) to English,mni_Mtei,eng_Latn,indic2en,True,primary,BVSLP,BVSLP_primary,BLEU,24.61
Category 1,Manipuri(Meitei Mayek) to English,mni_Mtei,eng_Latn,indic2en,True,primary,BVSLP,BVSLP_primary,METEOR,57.99
Category 1,Manipuri(Meitei Mayek) to English,mni_Mtei,eng_Latn,indic2en,True,primary,BVSLP,BVSLP_primary,TER,65.78
Category 1,Manipuri(Meitei Mayek) to English,mni_Mtei,eng_Latn,indic2en,True,primary,BVSLP,BVSLP_primary,CHRF++,54.6
Category 1,Manipuri(Meitei Mayek) to English,mni_Mtei,eng_Latn,indic2en,True,primary,BVSLP,BVSLP_primary,BERTScore,94.48
Category 1,Manipuri(Meitei Mayek) to English,mni_Mtei,eng_Latn,indic2en,True,primary,BVSLP,BVSLP_primary,COMET,76.37
Category 1,Manipuri(Meitei Mayek) to English,mni_Mtei,eng_Latn,indic2en,False,primary,MTG-LIRA,MTG-LIRA_primary,BLEU,24.43
Category 1,Manipuri(Meitei Mayek) to English,mni_Mtei,eng_Latn,indic2en,False,primary,MTG-LIRA,MTG-LIRA_primary,METEOR,56.46
Category 1,Manipuri(Meitei Mayek) to English,mni_Mtei,eng_Latn,indic2en,False,primary,MTG-LIRA,MTG-LIRA_primary,TER,67.35
Category 1,Manipuri(Meitei Mayek) to English,mni_Mtei,eng_Latn,indic2en,False,primary,MTG-LIRA,MTG-LIRA_primary,CHRF++,53.66
Category 1,Manipuri(Meitei Mayek) to English,mni_Mtei,eng_Latn,indic2en,False,primary,MTG-LIRA,MTG-LIRA_primary,BERTScore,93.46
Category 1,Manipuri(Meitei Mayek) to English,mni_Mtei,eng_Latn,indic2en,False,primary,MTG-LIRA,MTG-LIRA_primary,COMET,71.73
Category 1,Manipuri(Meitei Mayek) to English,mni_Mtei,eng_Latn,indic2en,True,primary,VoxNexus-Translate,VoxNexus-Translate_primary,BLEU,22.43
Category 1,Manipuri(Meitei Mayek) to English,mni_Mtei,eng_Latn,indic2en,True,primary,VoxNexus-Translate,VoxNexus-Translate_primary,METEOR,52.01
Category 1,Manipuri(Meitei Mayek) to English,mni_Mtei,eng_Latn,indic2en,True,primary,VoxNexus-Translate,VoxNexus-Translate_primary,TER,63.42
Category 1,Manipuri(Meitei Mayek) to English,mni_Mtei,eng_Latn,indic2en,True,primary,VoxNexus-Translate,VoxNexus-Translate_primary,CHRF++,48.89
Category 1,Manipuri(Meitei Mayek) to English,mni_Mtei,eng_Latn,indic2en,True,primary,VoxNexus-Translate,VoxNexus-Translate_primary,BERTScore,94.58
Category 1,Manipuri(Meitei Mayek) to English,mni_Mtei,eng_Latn,indic2en,True,primary,VoxNexus-Translate,VoxNexus-Translate_primary,COMET,76.26
Category 1,Manipuri(Meitei Mayek) to English,mni_Mtei,eng_Latn,indic2en,False,primary,RozarNLP-cr7,RozarNLP-cr7_primary,BLEU,0.13
Category 1,Manipuri(Meitei Mayek) to English,mni_Mtei,eng_Latn,indic2en,False,primary,RozarNLP-cr7,RozarNLP-cr7_primary,METEOR,6.92
Category 1,Manipuri(Meitei Mayek) to English,mni_Mtei,eng_Latn,indic2en,False,primary,RozarNLP-cr7,RozarNLP-cr7_primary,TER,137.67
Category 1,Manipuri(Meitei Mayek) to English,mni_Mtei,eng_Latn,indic2en,False,primary,RozarNLP-cr7,RozarNLP-cr7_primary,CHRF++,13.42
Category 1,Manipuri(Meitei Mayek) to English,mni_Mtei,eng_Latn,indic2en,False,primary,RozarNLP-cr7,RozarNLP-cr7_primary,BERTScore,84.65
Category 1,Manipuri(Meitei Mayek) to English,mni_Mtei,eng_Latn,indic2en,False,primary,RozarNLP-cr7,RozarNLP-cr7_primary,COMET,42.06
Category 1,Manipuri(Meitei Mayek) to English,mni_Mtei,eng_Latn,indic2en,False,primary,Winterpeg,Winterpeg_primary,BLEU,0.0
Category 1,Manipuri(Meitei Mayek) to English,mni_Mtei,eng_Latn,indic2en,False,primary,Winterpeg,Winterpeg_primary,METEOR,9.75
Category 1,Manipuri(Meitei Mayek) to English,mni_Mtei,eng_Latn,indic2en,False,primary,Winterpeg,Winterpeg_primary,TER,122.02
Category 1,Manipuri(Meitei Mayek) to English,mni_Mtei,eng_Latn,indic2en,False,primary,Winterpeg,Winterpeg_primary,CHRF++,17.33
Category 1,Manipuri(Meitei Mayek) to English,mni_Mtei,eng_Latn,indic2en,False,primary,Winterpeg,Winterpeg_primary,BERTScore,83.49
Category 1,Manipuri(Meitei Mayek) to English,mni_Mtei,eng_Latn,indic2en,False,primary,Winterpeg,Winterpeg_primary,COMET,40.19
Category 1,Manipuri(Meitei Mayek) to English,mni_Mtei,eng_Latn,indic2en,False,contrastive,gators,gators_contrastive,BLEU,38.13
Category 1,Manipuri(Meitei Mayek) to English,mni_Mtei,eng_Latn,indic2en,False,contrastive,gators,gators_contrastive,METEOR,70.68
Category 1,Manipuri(Meitei Mayek) to English,mni_Mtei,eng_Latn,indic2en,False,contrastive,gators,gators_contrastive,TER,48.48
Category 1,Manipuri(Meitei Mayek) to English,mni_Mtei,eng_Latn,indic2en,False,contrastive,gators,gators_contrastive,CHRF++,66.16
Category 1,Manipuri(Meitei Mayek) to English,mni_Mtei,eng_Latn,indic2en,False,contrastive,gators,gators_contrastive,BERTScore,96.2
Category 1,Manipuri(Meitei Mayek) to English,mni_Mtei,eng_Latn,indic2en,False,contrastive,gators,gators_contrastive,COMET,81.0
Category 1,Manipuri(Meitei Mayek) to English,mni_Mtei,eng_Latn,indic2en,False,contrastive,RozarNLP-cr7,RozarNLP-cr7_contrastive,BLEU,33.75
Category 1,Manipuri(Meitei Mayek) to English,mni_Mtei,eng_Latn,indic2en,False,contrastive,RozarNLP-cr7,RozarNLP-cr7_contrastive,METEOR,67.2
Category 1,Manipuri(Meitei Mayek) to English,mni_Mtei,eng_Latn,indic2en,False,contrastive,RozarNLP-cr7,RozarNLP-cr7_contrastive,TER,53.67
Category 1,Manipuri(Meitei Mayek) to English,mni_Mtei,eng_Latn,indic2en,False,contrastive,RozarNLP-cr7,RozarNLP-cr7_contrastive,CHRF++,62.93
Category 1,Manipuri(Meitei Mayek) to English,mni_Mtei,eng_Latn,indic2en,False,contrastive,RozarNLP-cr7,RozarNLP-cr7_contrastive,BERTScore,95.45
Category 1,Manipuri(Meitei Mayek) to English,mni_Mtei,eng_Latn,indic2en,False,contrastive,RozarNLP-cr7,RozarNLP-cr7_contrastive,COMET,78.44
Category 1,Manipuri(Meitei Mayek) to English,mni_Mtei,eng_Latn,indic2en,True,meit_to_en_contrastive,BVSLP,BVSLP_meit_to_en_contrastive,BLEU,15.3
Category 1,Manipuri(Meitei Mayek) to English,mni_Mtei,eng_Latn,indic2en,True,meit_to_en_contrastive,BVSLP,BVSLP_meit_to_en_contrastive,METEOR,48.61
Category 1,Manipuri(Meitei Mayek) to English,mni_Mtei,eng_Latn,indic2en,True,meit_to_en_contrastive,BVSLP,BVSLP_meit_to_en_contrastive,TER,88.37
Category 1,Manipuri(Meitei Mayek) to English,mni_Mtei,eng_Latn,indic2en,True,meit_to_en_contrastive,BVSLP,BVSLP_meit_to_en_contrastive,CHRF++,46.69
Category 1,Manipuri(Meitei Mayek) to English,mni_Mtei,eng_Latn,indic2en,True,meit_to_en_contrastive,BVSLP,BVSLP_meit_to_en_contrastive,BERTScore,91.4
Category 1,Manipuri(Meitei Mayek) to English,mni_Mtei,eng_Latn,indic2en,True,meit_to_en_contrastive,BVSLP,BVSLP_meit_to_en_contrastive,COMET,66.2
Category 2,English to Bodo,eng_Latn,brx_Deva,en2indic,False,primary,Decepticons-IIITH,Decepticons-IIITH_primary,BLEU,16.3
Category 2,English to Bodo,eng_Latn,brx_Deva,en2indic,False,primary,Decepticons-IIITH,Decepticons-IIITH_primary,METEOR,37.56
Category 2,English to Bodo,eng_Latn,brx_Deva,en2indic,False,primary,Decepticons-IIITH,Decepticons-IIITH_primary,TER,70.2
Category 2,English to Bodo,eng_Latn,brx_Deva,en2indic,False,primary,Decepticons-IIITH,Decepticons-IIITH_primary,CHRF++,50.77
Category 2,English to Bodo,eng_Latn,brx_Deva,en2indic,False,primary,Decepticons-IIITH,Decepticons-IIITH_primary,BERTScore,85.25
Category 2,English to Bodo,eng_Latn,brx_Deva,en2indic,False,primary,Decepticons-IIITH,Decepticons-IIITH_primary,COMET,62.38
Category 2,English to Bodo,eng_Latn,brx_Deva,en2indic,False,primary,DoDS-IITPKD,DoDS-IITPKD_primary,BLEU,16.07
Category 2,English to Bodo,eng_Latn,brx_Deva,en2indic,False,primary,DoDS-IITPKD,DoDS-IITPKD_primary,METEOR,36.23
Category 2,English to Bodo,eng_Latn,brx_Deva,en2indic,False,primary,DoDS-IITPKD,DoDS-IITPKD_primary,TER,72.3
Category 2,English to Bodo,eng_Latn,brx_Deva,en2indic,False,primary,DoDS-IITPKD,DoDS-IITPKD_primary,CHRF++,49.88
Category 2,English to Bodo,eng_Latn,brx_Deva,en2indic,False,primary,DoDS-IITPKD,DoDS-IITPKD_primary,BERTScore,84.95
Category 2,English to Bodo,eng_Latn,brx_Deva,en2indic,False,primary,DoDS-IITPKD,DoDS-IITPKD_primary,COMET,62.3
Category 2,English to Bodo,eng_Latn,brx_Deva,en2indic,False,primary,MTG-LIRA,MTG-LIRA_primary,BLEU,15.91
Category 2,English to Bodo,eng_Latn,brx_Deva,en2indic,False,primary,MTG-LIRA,MTG-LIRA_primary,METEOR,34.92
Category 2,English to Bodo,eng_Latn,brx_Deva,en2indic,False,primary,MTG-LIRA,MTG-LIRA_primary,TER,71.25
Category 2,English to Bodo,eng_Latn,brx_Deva,en2indic,False,primary,MTG-LIRA,MTG-LIRA_primary,CHRF++,48.32
Category 2,English to Bodo,eng_Latn,brx_Deva,en2indic,False,primary,MTG-LIRA,MTG-LIRA_primary,BERTScore,84.13
Category 2,English to Bodo,eng_Latn,brx_Deva,en2indic,False,primary,MTG-LIRA,MTG-LIRA_primary,COMET,61.75
Category 2,English to Bodo,eng_Latn,brx_Deva,en2indic,False,primary,gators,gators_primary,BLEU,14.87
Category 2,English to Bodo,eng_Latn,brx_Deva,en2indic,False,primary,gators,gators_primary,METEOR,35.29
Category 2,English to Bodo,eng_Latn,brx_Deva,en2indic,False,primary,gators,gators_primary,TER,73.04
Category 2,English to Bodo,eng_Latn,brx_Deva,en2indic,False,primary,gators,gators_primary,CHRF++,49.06
Category 2,English to Bodo,eng_Latn,brx_Deva,en2indic,False,primary,gators,gators_primary,BERTScore,84.58
Category 2,English to Bodo,eng_Latn,brx_Deva,en2indic,False,primary,gators,gators_primary,COMET,61.72
Category 2,English to Bodo,eng_Latn,brx_Deva,en2indic,False,primary,EROL,EROL_primary,BLEU,14.25
Category 2,English to Bodo,eng_Latn,brx_Deva,en2indic,False,primary,EROL,EROL_primary,METEOR,35.31
Category 2,English to Bodo,eng_Latn,brx_Deva,en2indic,False,primary,EROL,EROL_primary,TER,75.4
Category 2,English to Bodo,eng_Latn,brx_Deva,en2indic,False,primary,EROL,EROL_primary,CHRF++,48.68
Category 2,English to Bodo,eng_Latn,brx_Deva,en2indic,False,primary,EROL,EROL_primary,BERTScore,84.47
Category 2,English to Bodo,eng_Latn,brx_Deva,en2indic,False,primary,EROL,EROL_primary,COMET,61.38
Category 2,English to Bodo,eng_Latn,brx_Deva,en2indic,False,primary,NLP-MT_Amrita,NLP-MT_Amrita_Primary_IndicTrans2,BLEU,14.01
Category 2,English to Bodo,eng_Latn,brx_Deva,en2indic,False,primary,NLP-MT_Amrita,NLP-MT_Amrita_Primary_IndicTrans2,METEOR,34.4
Category 2,English to Bodo,eng_Latn,brx_Deva,en2indic,False,primary,NLP-MT_Amrita,NLP-MT_Amrita_Primary_IndicTrans2,TER,76.09
Category 2,English to Bodo,eng_Latn,brx_Deva,en2indic,False,primary,NLP-MT_Amrita,NLP-MT_Amrita_Primary_IndicTrans2,CHRF++,48.0
Category 2,English to Bodo,eng_Latn,brx_Deva,en2indic,False,primary,NLP-MT_Amrita,NLP-MT_Amrita_Primary_IndicTrans2,BERTScore,84.32
Category 2,English to Bodo,eng_Latn,brx_Deva,en2indic,False,primary,NLP-MT_Amrita,NLP-MT_Amrita_Primary_IndicTrans2,COMET,61.58
Category 2,English to Bodo,eng_Latn,brx_Deva,en2indic,False,primary,BRS-NK,BRS-NK_primary,BLEU,12.0
Category 2,English to Bodo,eng_Latn,brx_Deva,en2indic,False,primary,BRS-NK,BRS-NK_primary,METEOR,28.74
Category 2,English to Bodo,eng_Latn,brx_Deva,en2indic,False,primary,BRS-NK,BRS-NK_primary,TER,77.71
Category 2,English to Bodo,eng_Latn,brx_Deva,en2indic,False,primary,BRS-NK,BRS-NK_primary,CHRF++,43.67
Category 2,English to Bodo,eng_Latn,brx_Deva,en2indic,False,primary,BRS-NK,BRS-NK_primary,BERTScore,82.9
Category 2,English to Bodo,eng_Latn,brx_Deva,en2indic,False,primary,BRS-NK,BRS-NK_primary,COMET,59.94
Category 2,English to Bodo,eng_Latn,brx_Deva,en2indic,False,primary,DELAB-IIITM,DELAB-IIITM_primary,BLEU,9.74
Category 2,English to Bodo,eng_Latn,brx_Deva,en2indic,False,primary,DELAB-IIITM,DELAB-IIITM_primary,METEOR,27.11
Category 2,English to Bodo,eng_Latn,brx_Deva,en2indic,False,primary,DELAB-IIITM,DELAB-IIITM_primary,TER,86.88
Category 2,English to Bodo,eng_Latn,brx_Deva,en2indic,False,primary,DELAB-IIITM,DELAB-IIITM_primary,CHRF++,42.03
Category 2,English to Bodo,eng_Latn,brx_Deva,en2indic,False,primary,DELAB-IIITM,DELAB-IIITM_primary,BERTScore,80.86
Category 2,English to Bodo,eng_Latn,brx_Deva,en2indic,False,primary,DELAB-IIITM,DELAB-IIITM_primary,COMET,58.19
Category 2,English to Bodo,eng_Latn,brx_Deva,en2indic,False,primary,KrenTransV0-1,KrenTransV0-1_primary,BLEU,9.2
Category 2,English to Bodo,eng_Latn,brx_Deva,en2indic,False,primary,KrenTransV0-1,KrenTransV0-1_primary,METEOR,30.78
Category 2,English to Bodo,eng_Latn,brx_Deva,en2indic,False,primary,KrenTransV0-1,KrenTransV0-1_primary,TER,79.1
Category 2,English to Bodo,eng_Latn,brx_Deva,en2indic,False,primary,KrenTransV0-1,KrenTransV0-1_primary,CHRF++,44.06
Category 2,English to Bodo,eng_Latn,brx_Deva,en2indic,False,primary,KrenTransV0-1,KrenTransV0-1_primary,BERTScore,82.7
Category 2,English to Bodo,eng_Latn,brx_Deva,en2indic,False,primary,KrenTransV0-1,KrenTransV0-1_primary,COMET,59.64
Category 2,English to Bodo,eng_Latn,brx_Deva,en2indic,False,primary,NLP-MT_Amrita,NLP-MT_Amrita_Primary_NLLB,BLEU,0.0
Category 2,English to Bodo,eng_Latn,brx_Deva,en2indic,False,primary,NLP-MT_Amrita,NLP-MT_Amrita_Primary_NLLB,METEOR,0.73
Category 2,English to Bodo,eng_Latn,brx_Deva,en2indic,False,primary,NLP-MT_Amrita,NLP-MT_Amrita_Primary_NLLB,TER,114.63
Category 2,English to Bodo,eng_Latn,brx_Deva,en2indic,False,primary,NLP-MT_Amrita,NLP-MT_Amrita_Primary_NLLB,CHRF++,12.39
Category 2,English to Bodo,eng_Latn,brx_Deva,en2indic,False,primary,NLP-MT_Amrita,NLP-MT_Amrita_Primary_NLLB,BERTScore,68.95
Category 2,English to Bodo,eng_Latn,brx_Deva,en2indic,False,primary,NLP-MT_Amrita,NLP-MT_Amrita_Primary_NLLB,COMET,47.73
Category 2,English to Bodo,eng_Latn,brx_Deva,en2indic,False,contrastive,BRS-NK,BRS-NK_contrastive,BLEU,17.34
Category 2,English to Bodo,eng_Latn,brx_Deva,en2indic,False,contrastive,BRS-NK,BRS-NK_contrastive,METEOR,37.95
Category 2,English to Bodo,eng_Latn,brx_Deva,en2indic,False,contrastive,BRS-NK,BRS-NK_contrastive,TER,68.5
Category 2,English to Bodo,eng_Latn,brx_Deva,en2indic,False,contrastive,BRS-NK,BRS-NK_contrastive,CHRF++,50.98
Category 2,English to Bodo,eng_Latn,brx_Deva,en2indic,False,contrastive,BRS-NK,BRS-NK_contrastive,BERTScore,85.1
Category 2,English to Bodo,eng_Latn,brx_Deva,en2indic,False,contrastive,BRS-NK,BRS-NK_contrastive,COMET,62.79
Category 2,English to Bodo,eng_Latn,brx_Deva,en2indic,False,contrastive,DoDS-IITPKD,DoDS-IITPKD_contrastive,BLEU,16.78
Category 2,English to Bodo,eng_Latn,brx_Deva,en2indic,False,contrastive,DoDS-IITPKD,DoDS-IITPKD_contrastive,METEOR,36.8
Category 2,English to Bodo,eng_Latn,brx_Deva,en2indic,False,contrastive,DoDS-IITPKD,DoDS-IITPKD_contrastive,TER,72.54
Category 2,English to Bodo,eng_Latn,brx_Deva,en2indic,False,contrastive,DoDS-IITPKD,DoDS-IITPKD_contrastive,CHRF++,50.26
Category 2,English to Bodo,eng_Latn,brx_Deva,en2indic,False,contrastive,DoDS-IITPKD,DoDS-IITPKD_contrastive,BERTScore,84.91
Category 2,English to Bodo,eng_Latn,brx_Deva,en2indic,False,contrastive,DoDS-IITPKD,DoDS-IITPKD_contrastive,COMET,62.22
Category 2,English to Bodo,eng_Latn,brx_Deva,en2indic,False,contrastive,DoDS-IITPKD,DoDS-IITPKD_contrastive2,BLEU,16.33
Category 2,English to Bodo,eng_Latn,brx_Deva,en2indic,False,contrastive,DoDS-IITPKD,DoDS-IITPKD_contrastive2,METEOR,36.52
Category 2,English to Bodo,eng_Latn,brx_Deva,en2indic,False,contrastive,DoDS-IITPKD,DoDS-IITPKD_contrastive2,TER,71.95
Category 2,English to Bodo,eng_Latn,brx_Deva,en2indic,False,contrastive,DoDS-IITPKD,DoDS-IITPKD_contrastive2,CHRF++,49.95
Category 2,English to Bodo,eng_Latn,brx_Deva,en2indic,False,contrastive,DoDS-IITPKD,DoDS-IITPKD_contrastive2,BERTScore,84.95
Category 2,English to Bodo,eng_Latn,brx_Deva,en2indic,False,contrastive,DoDS-IITPKD,DoDS-IITPKD_contrastive2,COMET,62.33
Category 2,English to Bodo,eng_Latn,brx_Deva,en2indic,False,contrastive,MTG-LIRA,MTG-LIRA_contrastive,BLEU,15.87
Category 2,English to Bodo,eng_Latn,brx_Deva,en2indic,False,contrastive,MTG-LIRA,MTG-LIRA_contrastive,METEOR,34.63
Category 2,English to Bodo,eng_Latn,brx_Deva,en2indic,False,contrastive,MTG-LIRA,MTG-LIRA_contrastive,TER,71.02
Category 2,English to Bodo,eng_Latn,brx_Deva,en2indic,False,contrastive,MTG-LIRA,MTG-LIRA_contrastive,CHRF++,48.11
Category 2,English to Bodo,eng_Latn,brx_Deva,en2indic,False,contrastive,MTG-LIRA,MTG-LIRA_contrastive,BERTScore,84.24
Category 2,English to Bodo,eng_Latn,brx_Deva,en2indic,False,contrastive,MTG-LIRA,MTG-LIRA_contrastive,COMET,61.72
Category 2,English to Bodo,eng_Latn,brx_Deva,en2indic,False,contrastive,Decepticons-IIITH,Decepticons-IIITH_contrastive,BLEU,15.64
Category 2,English to Bodo,eng_Latn,brx_Deva,en2indic,False,contrastive,Decepticons-IIITH,Decepticons-IIITH_contrastive,METEOR,36.18
Category 2,English to Bodo,eng_Latn,brx_Deva,en2indic,False,contrastive,Decepticons-IIITH,Decepticons-IIITH_contrastive,TER,71.19
Category 2,English to Bodo,eng_Latn,brx_Deva,en2indic,False,contrastive,Decepticons-IIITH,Decepticons-IIITH_contrastive,CHRF++,49.56
Category 2,English to Bodo,eng_Latn,brx_Deva,en2indic,False,contrastive,Decepticons-IIITH,Decepticons-IIITH_contrastive,BERTScore,84.78
Category 2,English to Bodo,eng_Latn,brx_Deva,en2indic,False,contrastive,Decepticons-IIITH,Decepticons-IIITH_contrastive,COMET,62.05
Category 2,English to Bodo,eng_Latn,brx_Deva,en2indic,False,contrastive,gators,gators_contrastive,BLEU,14.61
Category 2,English to Bodo,eng_Latn,brx_Deva,en2indic,False,contrastive,gators,gators_contrastive,METEOR,34.43
Category 2,English to Bodo,eng_Latn,brx_Deva,en2indic,False,contrastive,gators,gators_contrastive,TER,72.19
Category 2,English to Bodo,eng_Latn,brx_Deva,en2indic,False,contrastive,gators,gators_contrastive,CHRF++,48.21
Category 2,English to Bodo,eng_Latn,brx_Deva,en2indic,False,contrastive,gators,gators_contrastive,BERTScore,84.38
Category 2,English to Bodo,eng_Latn,brx_Deva,en2indic,False,contrastive,gators,gators_contrastive,COMET,61.86
Category 2,English to Bodo,eng_Latn,brx_Deva,en2indic,False,contrastive,DELAB-IIITM,DELAB-IIITM_contrastive,BLEU,12.63
Category 2,English to Bodo,eng_Latn,brx_Deva,en2indic,False,contrastive,DELAB-IIITM,DELAB-IIITM_contrastive,METEOR,34.21
Category 2,English to Bodo,eng_Latn,brx_Deva,en2indic,False,contrastive,DELAB-IIITM,DELAB-IIITM_contrastive,TER,81.32
Category 2,English to Bodo,eng_Latn,brx_Deva,en2indic,False,contrastive,DELAB-IIITM,DELAB-IIITM_contrastive,CHRF++,47.3
Category 2,English to Bodo,eng_Latn,brx_Deva,en2indic,False,contrastive,DELAB-IIITM,DELAB-IIITM_contrastive,BERTScore,84.03
Category 2,English to Bodo,eng_Latn,brx_Deva,en2indic,False,contrastive,DELAB-IIITM,DELAB-IIITM_contrastive,COMET,61.27
Category 2,English to Bodo,eng_Latn,brx_Deva,en2indic,False,contrastive,星辰之力,星辰之力_contrastive2,BLEU,12.46
Category 2,English to Bodo,eng_Latn,brx_Deva,en2indic,False,contrastive,星辰之力,星辰之力_contrastive2,METEOR,31.06
Category 2,English to Bodo,eng_Latn,brx_Deva,en2indic,False,contrastive,星辰之力,星辰之力_contrastive2,TER,75.49
Category 2,English to Bodo,eng_Latn,brx_Deva,en2indic,False,contrastive,星辰之力,星辰之力_contrastive2,CHRF++,45.12
Category 2,English to Bodo,eng_Latn,brx_Deva,en2indic,False,contrastive,星辰之力,星辰之力_contrastive2,BERTScore,83.15
Category 2,English to Bodo,eng_Latn,brx_Deva,en2indic,False,contrastive,星辰之力,星辰之力_contrastive2,COMET,60.27
Category 2,English to Bodo,eng_Latn,brx_Deva,en2indic,False,contrastive,星辰之力,星辰之力_contrastive1,BLEU,12.12
Category 2,English to Bodo,eng_Latn,brx_Deva,en2indic,False,contrastive,星辰之力,星辰之力_contrastive1,METEOR,30.74
Category 2,English to Bodo,eng_Latn,brx_Deva,en2indic,False,contrastive,星辰之力,星辰之力_contrastive1,TER,74.2
Category 2,English to Bodo,eng_Latn,brx_Deva,en2indic,False,contrastive,星辰之力,星辰之力_contrastive1,CHRF++,44.98
Category 2,English to Bodo,eng_Latn,brx_Deva,en2indic,False,contrastive,星辰之力,星辰之力_contrastive1,BERTScore,83.15
Category 2,English to Bodo,eng_Latn,brx_Deva,en2indic,False,contrastive,星辰之力,星辰之力_contrastive1,COMET,60.29
Category 2,English to Bodo,eng_Latn,brx_Deva,en2indic,True,en_to_bod_contrastive,BVSLP,BVSLP_en_to_bod_contrastive,BLEU,5.2
Category 2,English to Bodo,eng_Latn,brx_Deva,en2indic,True,en_to_bod_contrastive,BVSLP,BVSLP_en_to_bod_contrastive,METEOR,12.73
Category 2,English to Bodo,eng_Latn,brx_Deva,en2indic,True,en_to_bod_contrastive,BVSLP,BVSLP_en_to_bod_contrastive,TER,95.77
Category 2,English to Bodo,eng_Latn,brx_Deva,en2indic,True,en_to_bod_contrastive,BVSLP,BVSLP_en_to_bod_contrastive,CHRF++,17.52
Category 2,English to Bodo,eng_Latn,brx_Deva,en2indic,True,en_to_bod_contrastive,BVSLP,BVSLP_en_to_bod_contrastive,BERTScore,66.91
Category 2,English to Bodo,eng_Latn,brx_Deva,en2indic,True,en_to_bod_contrastive,BVSLP,BVSLP_en_to_bod_contrastive,COMET,39.58
Category 2,Bodo to English,brx_Deva,eng_Latn,indic2en,False,primary,gators,gators_primary,BLEU,35.54
Category 2,Bodo to English,brx_Deva,eng_Latn,indic2en,False,primary,gators,gators_primary,METEOR,68.26
Category 2,Bodo to English,brx_Deva,eng_Latn,indic2en,False,primary,gators,gators_primary,TER,49.91
Category 2,Bodo to English,brx_Deva,eng_Latn,indic2en,False,primary,gators,gators_primary,CHRF++,63.04
Category 2,Bodo to English,brx_Deva,eng_Latn,indic2en,False,primary,gators,gators_primary,BERTScore,95.82
Category 2,Bodo to English,brx_Deva,eng_Latn,indic2en,False,primary,gators,gators_primary,COMET,84.23
Category 2,Bodo to English,brx_Deva,eng_Latn,indic2en,False,primary,TIP-RBG-AI,TIP-RBG-AI_primary,BLEU,32.15
Category 2,Bodo to English,brx_Deva,eng_Latn,indic2en,False,primary,TIP-RBG-AI,TIP-RBG-AI_primary,METEOR,68.04
Category 2,Bodo to English,brx_Deva,eng_Latn,indic2en,False,primary,TIP-RBG-AI,TIP-RBG-AI_primary,TER,55.43
Category 2,Bodo to English,brx_Deva,eng_Latn,indic2en,False,primary,TIP-RBG-AI,TIP-RBG-AI_primary,CHRF++,62.23
Category 2,Bodo to English,brx_Deva,eng_Latn,indic2en,False,primary,TIP-RBG-AI,TIP-RBG-AI_primary,BERTScore,95.26
Category 2,Bodo to English,brx_Deva,eng_Latn,indic2en,False,primary,TIP-RBG-AI,TIP-RBG-AI_primary,COMET,82.62
Category 2,Bodo to English,brx_Deva,eng_Latn,indic2en,False,primary,DoDS-IITPKD,DoDS-IITPKD_primary,BLEU,31.17
Category 2,Bodo to English,brx_Deva,eng_Latn,indic2en,False,primary,DoDS-IITPKD,DoDS-IITPKD_primary,METEOR,68.24
Category 2,Bodo to English,brx_Deva,eng_Latn,indic2en,False,primary,DoDS-IITPKD,DoDS-IITPKD_primary,TER,52.78
Category 2,Bodo to English,brx_Deva,eng_Latn,indic2en,False,primary,DoDS-IITPKD,DoDS-IITPKD_primary,CHRF++,60.23
Category 2,Bodo to English,brx_Deva,eng_Latn,indic2en,False,primary,DoDS-IITPKD,DoDS-IITPKD_primary,BERTScore,95.0
Category 2,Bodo to English,brx_Deva,eng_Latn,indic2en,False,primary,DoDS-IITPKD,DoDS-IITPKD_primary,COMET,81.22
Category 2,Bodo to English,brx_Deva,eng_Latn,indic2en,False,primary,EROL,EROL_primary,BLEU,23.5
Category 2,Bodo to English,brx_Deva,eng_Latn,indic2en,False,primary,EROL,EROL_primary,METEOR,58.14
Category 2,Bodo to English,brx_Deva,eng_Latn,indic2en,False,primary,EROL,EROL_primary,TER,66.75
Category 2,Bodo to English,brx_Deva,eng_Latn,indic2en,False,primary,EROL,EROL_primary,CHRF++,54.02
Category 2,Bodo to English,brx_Deva,eng_Latn,indic2en,False,primary,EROL,EROL_primary,BERTScore,94.55
Category 2,Bodo to English,brx_Deva,eng_Latn,indic2en,False,primary,EROL,EROL_primary,COMET,81.87
Category 2,Bodo to English,brx_Deva,eng_Latn,indic2en,True,primary,VoxNexus-Translate,VoxNexus-Translate_primary,BLEU,22.43
Category 2,Bodo to English,brx_Deva,eng_Latn,indic2en,True,primary,VoxNexus-Translate,VoxNexus-Translate_primary,METEOR,52.01
Category 2,Bodo to English,brx_Deva,eng_Latn,indic2en,True,primary,VoxNexus-Translate,VoxNexus-Translate_primary,TER,63.42
Category 2,Bodo to English,brx_Deva,eng_Latn,indic2en,True,primary,VoxNexus-Translate,VoxNexus-Translate_primary,CHRF++,48.89
Category 2,Bodo to English,brx_Deva,eng_Latn,indic2en,True,primary,VoxNexus-Translate,VoxNexus-Translate_primary,BERTScore,94.58
Category 2,Bodo to English,brx_Deva,eng_Latn,indic2en,True,primary,VoxNexus-Translate,VoxNexus-Translate_primary,COMET,81.08
Category 2,Bodo to English,brx_Deva,eng_Latn,indic2en,False,primary,BRS-NK,BRS-NK_primary,BLEU,19.39
Category 2,Bodo to English,brx_Deva,eng_Latn,indic2en,False,primary,BRS-NK,BRS-NK_primary,METEOR,52.43
Category 2,Bodo to English,brx_Deva,eng_Latn,indic2en,False,primary,BRS-NK,BRS-NK_primary,TER,67.71
Category 2,Bodo to English,brx_Deva,eng_Latn,indic2en,False,primary,BRS-NK,BRS-NK_primary,CHRF++,48.12
Category 2,Bodo to English,brx_Deva,eng_Latn,indic2en,False,primary,BRS-NK,BRS-NK_primary,BERTScore,92.83
Category 2,Bodo to English,brx_Deva,eng_Latn,indic2en,False,primary,BRS-NK,BRS-NK_primary,COMET,74.86
Category 2,Bodo to English,brx_Deva,eng_Latn,indic2en,False,primary,Akiba-NLP,Akiba-NLP_primary,BLEU,12.19
Category 2,Bodo to English,brx_Deva,eng_Latn,indic2en,False,primary,Akiba-NLP,Akiba-NLP_primary,METEOR,43.21
Category 2,Bodo to English,brx_Deva,eng_Latn,indic2en,False,primary,Akiba-NLP,Akiba-NLP_primary,TER,90.33
Category 2,Bodo to English,brx_Deva,eng_Latn,indic2en,False,primary,Akiba-NLP,Akiba-NLP_primary,CHRF++,40.3
Category 2,Bodo to English,brx_Deva,eng_Latn,indic2en,False,primary,Akiba-NLP,Akiba-NLP_primary,BERTScore,89.91
Category 2,Bodo to English,brx_Deva,eng_Latn,indic2en,False,primary,Akiba-NLP,Akiba-NLP_primary,COMET,65.16
Category 2,Bodo to English,brx_Deva,eng_Latn,indic2en,False,primary,NLP-MT_Amrita,NLP-MT_Amrita_Primary_NLLB,BLEU,3.04
Category 2,Bodo to English,brx_Deva,eng_Latn,indic2en,False,primary,NLP-MT_Amrita,NLP-MT_Amrita_Primary_NLLB,METEOR,18.55
Category 2,Bodo to English,brx_Deva,eng_Latn,indic2en,False,primary,NLP-MT_Amrita,NLP-MT_Amrita_Primary_NLLB,TER,116.7
Category 2,Bodo to English,brx_Deva,eng_Latn,indic2en,False,primary,NLP-MT_Amrita,NLP-MT_Amrita_Primary_NLLB,CHRF++,24.08
Category 2,Bodo to English,brx_Deva,eng_Latn,indic2en,False,primary,NLP-MT_Amrita,NLP-MT_Amrita_Primary_NLLB,BERTScore,81.63
Category 2,Bodo to English,brx_Deva,eng_Latn,indic2en,False,primary,NLP-MT_Amrita,NLP-MT_Amrita_Primary_NLLB,COMET,42.99
Category 2,Bodo to English,brx_Deva,eng_Latn,indic2en,False,primary,NLP-MT_Amrita,NLP-MT_Amrita_Primary_Sarvam,BLEU,2.1
Category 2,Bodo to English,brx_Deva,eng_Latn,indic2en,False,primary,NLP-MT_Amrita,NLP-MT_Amrita_Primary_Sarvam,METEOR,11.11
Category 2,Bodo to English,brx_Deva,eng_Latn,indic2en,False,primary,NLP-MT_Amrita,NLP-MT_Amrita_Primary_Sarvam,TER,105.66
Category 2,Bodo to English,brx_Deva,eng_Latn,indic2en,False,primary,NLP-MT_Amrita,NLP-MT_Amrita_Primary_Sarvam,CHRF++,16.71
Category 2,Bodo to English,brx_Deva,eng_Latn,indic2en,False,primary,NLP-MT_Amrita,NLP-MT_Amrita_Primary_Sarvam,BERTScore,78.5
Category 2,Bodo to English,brx_Deva,eng_Latn,indic2en,False,primary,NLP-MT_Amrita,NLP-MT_Amrita_Primary_Sarvam,COMET,35.83
Category 2,Bodo to English,brx_Deva,eng_Latn,indic2en,False,primary,NLP-MT_Amrita,NLP-MT_Amrita_Primary_IndicTrans2,BLEU,0.45
Category 2,Bodo to English,brx_Deva,eng_Latn,indic2en,False,primary,NLP-MT_Amrita,NLP-MT_Amrita_Primary_IndicTrans2,METEOR,8.45
Category 2,Bodo to English,brx_Deva,eng_Latn,indic2en,False,primary,NLP-MT_Amrita,NLP-MT_Amrita_Primary_IndicTrans2,TER,106.92
Category 2,Bodo to English,brx_Deva,eng_Latn,indic2en,False,primary,NLP-MT_Amrita,NLP-MT_Amrita_Primary_IndicTrans2,CHRF++,16.15
Category 2,Bodo to English,brx_Deva,eng_Latn,indic2en,False,primary,NLP-MT_Amrita,NLP-MT_Amrita_Primary_IndicTrans2,BERTScore,85.37
Category 2,Bodo to English,brx_Deva,eng_Latn,indic2en,False,primary,NLP-MT_Amrita,NLP-MT_Amrita_Primary_IndicTrans2,COMET,51.28
Category 2,Bodo to English,brx_Deva,eng_Latn,indic2en,False,contrastive,DoDS-IITPKD,DoDS-IITPKD_contrastive,BLEU,36.1
Category 2,Bodo to English,brx_Deva,eng_Latn,indic2en,False,contrastive,DoDS-IITPKD,DoDS-IITPKD_contrastive,METEOR,71.51
Category 2,Bodo to English,brx_Deva,eng_Latn,indic2en,False,contrastive,DoDS-IITPKD,DoDS-IITPKD_contrastive,TER,47.47
Category 2,Bodo to English,brx_Deva,eng_Latn,indic2en,False,contrastive,DoDS-IITPKD,DoDS-IITPKD_contrastive,CHRF++,63.93
Category 2,Bodo to English,brx_Deva,eng_Latn,indic2en,False,contrastive,DoDS-IITPKD,DoDS-IITPKD_contrastive,BERTScore,95.88
Category 2,Bodo to English,brx_Deva,eng_Latn,indic2en,False,contrastive,DoDS-IITPKD,DoDS-IITPKD_contrastive,COMET,83.78
Category 2,Bodo to English,brx_Deva,eng_Latn,indic2en,False,contrastive,gators,gators_contrastive,BLEU,34.1
Category 2,Bodo to English,brx_Deva,eng_Latn,indic2en,False,contrastive,gators,gators_contrastive,METEOR,67.57
Category 2,Bodo to English,brx_Deva,eng_Latn,indic2en,False,contrastive,gators,gators_contrastive,TER,51.48
Category 2,Bodo to English,brx_Deva,eng_Latn,indic2en,False,contrastive,gators,gators_contrastive,CHRF++,62.1
Category 2,Bodo to English,brx_Deva,eng_Latn,indic2en,False,contrastive,gators,gators_contrastive,BERTScore,95.68
Category 2,Bodo to English,brx_Deva,eng_Latn,indic2en,False,contrastive,gators,gators_contrastive,COMET,83.79
Category 2,Bodo to English,brx_Deva,eng_Latn,indic2en,False,constrained,DoDS-IITPKD,DoDS-IITPKD_constrained,BLEU,31.41
Category 2,Bodo to English,brx_Deva,eng_Latn,indic2en,False,constrained,DoDS-IITPKD,DoDS-IITPKD_constrained,METEOR,67.26
Category 2,Bodo to English,brx_Deva,eng_Latn,indic2en,False,constrained,DoDS-IITPKD,DoDS-IITPKD_constrained,TER,52.9
Category 2,Bodo to English,brx_Deva,eng_Latn,indic2en,False,constrained,DoDS-IITPKD,DoDS-IITPKD_constrained,CHRF++,60.0
Category 2,Bodo to English,brx_Deva,eng_Latn,indic2en,False,constrained,DoDS-IITPKD,DoDS-IITPKD_constrained,BERTScore,95.02
Category 2,Bodo to English,brx_Deva,eng_Latn,indic2en,False,constrained,DoDS-IITPKD,DoDS-IITPKD_constrained,COMET,81.39
Category 2,Bodo to English,brx_Deva,eng_Latn,indic2en,False,contrastive,BRS-NK,BRS-NK_contrastive,BLEU,24.29
Category 2,Bodo to English,brx_Deva,eng_Latn,indic2en,False,contrastive,BRS-NK,BRS-NK_contrastive,METEOR,60.62
Category 2,Bodo to English,brx_Deva,eng_Latn,indic2en,False,contrastive,BRS-NK,BRS-NK_contrastive,TER,62.26
Category 2,Bodo to English,brx_Deva,eng_Latn,indic2en,False,contrastive,BRS-NK,BRS-NK_contrastive,CHRF++,54.23
Category 2,Bodo to English,brx_Deva,eng_Latn,indic2en,False,contrastive,BRS-NK,BRS-NK_contrastive,BERTScore,94.09
Category 2,Bodo to English,brx_Deva,eng_Latn,indic2en,False,contrastive,BRS-NK,BRS-NK_contrastive,COMET,78.89
Category 2,Bodo to English,brx_Deva,eng_Latn,indic2en,True,contrastive,BVSLP,BVSLP_contrastive,BLEU,20.56
Category 2,Bodo to English,brx_Deva,eng_Latn,indic2en,True,contrastive,BVSLP,BVSLP_contrastive,METEOR,55.64
Category 2,Bodo to English,brx_Deva,eng_Latn,indic2en,True,contrastive,BVSLP,BVSLP_contrastive,TER,67.96
Category 2,Bodo to English,brx_Deva,eng_Latn,indic2en,True,contrastive,BVSLP,BVSLP_contrastive,CHRF++,50.81
Category 2,Bodo to English,brx_Deva,eng_Latn,indic2en,True,contrastive,BVSLP,BVSLP_contrastive,BERTScore,93.36
Category 2,Bodo to English,brx_Deva,eng_Latn,indic2en,True,contrastive,BVSLP,BVSLP_contrastive,COMET,76.79
Category 2,Bodo to English,brx_Deva,eng_Latn,indic2en,False,contrastive,Akiba-NLP,Akiba-NLP_contrastive1,BLEU,1.41
Category 2,Bodo to English,brx_Deva,eng_Latn,indic2en,False,contrastive,Akiba-NLP,Akiba-NLP_contrastive1,METEOR,12.58
Category 2,Bodo to English,brx_Deva,eng_Latn,indic2en,False,contrastive,Akiba-NLP,Akiba-NLP_contrastive1,TER,135.09
Category 2,Bodo to English,brx_Deva,eng_Latn,indic2en,False,contrastive,Akiba-NLP,Akiba-NLP_contrastive1,CHRF++,17.87
Category 2,Bodo to English,brx_Deva,eng_Latn,indic2en,False,contrastive,Akiba-NLP,Akiba-NLP_contrastive1,BERTScore,82.76
Category 2,Bodo to English,brx_Deva,eng_Latn,indic2en,False,contrastive,Akiba-NLP,Akiba-NLP_contrastive1,COMET,43.43
Category 2,English to Kokborok,eng_Latn,trp_Latn,en2indic,False,primary,KrenTransV0-1,KrenTransV0-1_primary,BLEU,6.1
Category 2,English to Kokborok,eng_Latn,trp_Latn,en2indic,False,primary,KrenTransV0-1,KrenTransV0-1_primary,METEOR,26.17
Category 2,English to Kokborok,eng_Latn,trp_Latn,en2indic,False,primary,KrenTransV0-1,KrenTransV0-1_primary,TER,80.58
Category 2,English to Kokborok,eng_Latn,trp_Latn,en2indic,False,primary,KrenTransV0-1,KrenTransV0-1_primary,CHRF++,34.91
Category 2,English to Kokborok,eng_Latn,trp_Latn,en2indic,False,primary,KrenTransV0-1,KrenTransV0-1_primary,BERTScore,74.73
Category 2,English to Kokborok,eng_Latn,trp_Latn,en2indic,False,primary,KrenTransV0-1,KrenTransV0-1_primary,COMET,60.84
Category 2,English to Kokborok,eng_Latn,trp_Latn,en2indic,False,primary,gators,gators_primary,BLEU,5.88
Category 2,English to Kokborok,eng_Latn,trp_Latn,en2indic,False,primary,gators,gators_primary,METEOR,23.43
Category 2,English to Kokborok,eng_Latn,trp_Latn,en2indic,False,primary,gators,gators_primary,TER,99.99
Category 2,English to Kokborok,eng_Latn,trp_Latn,en2indic,False,primary,gators,gators_primary,CHRF++,33.9
Category 2,English to Kokborok,eng_Latn,trp_Latn,en2indic,False,primary,gators,gators_primary,BERTScore,73.94
Category 2,English to Kokborok,eng_Latn,trp_Latn,en2indic,False,primary,gators,gators_primary,COMET,60.96
Category 2,English to Kokborok,eng_Latn,trp_Latn,en2indic,False,primary,SCE-KIIT,SCE-KIIT_primary,BLEU,5.11
Category 2,English to Kokborok,eng_Latn,trp_Latn,en2indic,False,primary,SCE-KIIT,SCE-KIIT_primary,METEOR,21.04
Category 2,English to Kokborok,eng_Latn,trp_Latn,en2indic,False,primary,SCE-KIIT,SCE-KIIT_primary,TER,98.67
Category 2,English to Kokborok,eng_Latn,trp_Latn,en2indic,False,primary,SCE-KIIT,SCE-KIIT_primary,CHRF++,27.09
Category 2,English to Kokborok,eng_Latn,trp_Latn,en2indic,False,primary,SCE-KIIT,SCE-KIIT_primary,BERTScore,71.17
Category 2,English to Kokborok,eng_Latn,trp_Latn,en2indic,False,primary,SCE-KIIT,SCE-KIIT_primary,COMET,54.35
Category 2,English to Kokborok,eng_Latn,trp_Latn,en2indic,False,primary,DoDS-IITPKD,DoDS-IITPKD_primary,BLEU,3.86
Category 2,English to Kokborok,eng_Latn,trp_Latn,en2indic,False,primary,DoDS-IITPKD,DoDS-IITPKD_primary,METEOR,17.44
Category 2,English to Kokborok,eng_Latn,trp_Latn,en2indic,False,primary,DoDS-IITPKD,DoDS-IITPKD_primary,TER,95.34
Category 2,English to Kokborok,eng_Latn,trp_Latn,en2indic,False,primary,DoDS-IITPKD,DoDS-IITPKD_primary,CHRF++,27.33
Category 2,English to Kokborok,eng_Latn,trp_Latn,en2indic,False,primary,DoDS-IITPKD,DoDS-IITPKD_primary,BERTScore,71.19
Category 2,English to Kokborok,eng_Latn,trp_Latn,en2indic,False,primary,DoDS-IITPKD,DoDS-IITPKD_primary,COMET,58.99
Category 2,English to Kokborok,eng_Latn,trp_Latn,en2indic,False,contrastive,DoDS-IITPKD,DoDS-IITPKD_contrastive,BLEU,7.36
Category 2,English to Kokborok,eng_Latn,trp_Latn,en2indic,False,contrastive,DoDS-IITPKD,DoDS-IITPKD_contrastive,METEOR,28.4
Category 2,English to Kokborok,eng_Latn,trp_Latn,en2indic,False,contrastive,DoDS-IITPKD,DoDS-IITPKD_contrastive,TER,81.52
Category 2,English to Kokborok,eng_Latn,trp_Latn,en2indic,False,contrastive,DoDS-IITPKD,DoDS-IITPKD_contrastive,CHRF++,35.04
Category 2,English to Kokborok,eng_Latn,trp_Latn,en2indic,False,contrastive,DoDS-IITPKD,DoDS-IITPKD_contrastive,BERTScore,75.14
Category 2,English to Kokborok,eng_Latn,trp_Latn,en2indic,False,contrastive,DoDS-IITPKD,DoDS-IITPKD_contrastive,COMET,60.72
Category 2,English to Kokborok,eng_Latn,trp_Latn,en2indic,False,contrastive,DoDS-IITPKD,DoDS-IITPKD_contrastive2,BLEU,7.35
Category 2,English to Kokborok,eng_Latn,trp_Latn,en2indic,False,contrastive,DoDS-IITPKD,DoDS-IITPKD_contrastive2,METEOR,28.37
Category 2,English to Kokborok,eng_Latn,trp_Latn,en2indic,False,contrastive,DoDS-IITPKD,DoDS-IITPKD_contrastive2,TER,81.55
Category 2,English to Kokborok,eng_Latn,trp_Latn,en2indic,False,contrastive,DoDS-IITPKD,DoDS-IITPKD_contrastive2,CHRF++,35.03
Category 2,English to Kokborok,eng_Latn,trp_Latn,en2indic,False,contrastive,DoDS-IITPKD,DoDS-IITPKD_contrastive2,BERTScore,75.14
Category 2,English to Kokborok,eng_Latn,trp_Latn,en2indic,False,contrastive,DoDS-IITPKD,DoDS-IITPKD_contrastive2,COMET,60.73
Category 2,English to Kokborok,eng_Latn,trp_Latn,en2indic,False,contrastive,星辰之力,星辰之力_contrastive1,BLEU,6.51
Category 2,English to Kokborok,eng_Latn,trp_Latn,en2indic,False,contrastive,星辰之力,星辰之力_contrastive1,METEOR,24.55
Category 2,English to Kokborok,eng_Latn,trp_Latn,en2indic,False,contrastive,星辰之力,星辰之力_contrastive1,TER,85.91
Category 2,English to Kokborok,eng_Latn,trp_Latn,en2indic,False,contrastive,星辰之力,星辰之力_contrastive1,CHRF++,31.32
Category 2,English to Kokborok,eng_Latn,trp_Latn,en2indic,False,contrastive,星辰之力,星辰之力_contrastive1,BERTScore,73.82
Category 2,English to Kokborok,eng_Latn,trp_Latn,en2indic,False,contrastive,星辰之力,星辰之力_contrastive1,COMET,58.92
Category 2,English to Kokborok,eng_Latn,trp_Latn,en2indic,False,contrastive,gators,gators_contrastive,BLEU,6.02
Category 2,English to Kokborok,eng_Latn,trp_Latn,en2indic,False,contrastive,gators,gators_contrastive,METEOR,23.29
Category 2,English to Kokborok,eng_Latn,trp_Latn,en2indic,False,contrastive,gators,gators_contrastive,TER,98.36
Category 2,English to Kokborok,eng_Latn,trp_Latn,en2indic,False,contrastive,gators,gators_contrastive,CHRF++,33.7
Category 2,English to Kokborok,eng_Latn,trp_Latn,en2indic,False,contrastive,gators,gators_contrastive,BERTScore,73.9
Category 2,English to Kokborok,eng_Latn,trp_Latn,en2indic,False,contrastive,gators,gators_contrastive,COMET,60.93
Category 2,English to Kokborok,eng_Latn,trp_Latn,en2indic,False,contrastive,星辰之力,星辰之力_contrastive2,BLEU,3.44
Category 2,English to Kokborok,eng_Latn,trp_Latn,en2indic,False,contrastive,星辰之力,星辰之力_contrastive2,METEOR,15.86
Category 2,English to Kokborok,eng_Latn,trp_Latn,en2indic,False,contrastive,星辰之力,星辰之力_contrastive2,TER,103.06
Category 2,English to Kokborok,eng_Latn,trp_Latn,en2indic,False,contrastive,星辰之力,星辰之力_contrastive2,CHRF++,26.44
Category 2,English to Kokborok,eng_Latn,trp_Latn,en2indic,False,contrastive,星辰之力,星辰之力_contrastive2,BERTScore,70.76
Category 2,English to Kokborok,eng_Latn,trp_Latn,en2indic,False,contrastive,星辰之力,星辰之力_contrastive2,COMET,57.11
Category 2,English to Kokborok,eng_Latn,trp_Latn,en2indic,False,contrastive,SCE-KIIT,SCE-KIIT_contrastive,BLEU,1.98
Category 2,English to Kokborok,eng_Latn,trp_Latn,en2indic,False,contrastive,SCE-KIIT,SCE-KIIT_contrastive,METEOR,11.94
Category 2,English to Kokborok,eng_Latn,trp_Latn,en2indic,False,contrastive,SCE-KIIT,SCE-KIIT_contrastive,TER,108.65
Category 2,English to Kokborok,eng_Latn,trp_Latn,en2indic,False,contrastive,SCE-KIIT,SCE-KIIT_contrastive,CHRF++,20.32
Category 2,English to Kokborok,eng_Latn,trp_Latn,en2indic,False,contrastive,SCE-KIIT,SCE-KIIT_contrastive,BERTScore,68.62
Category 2,English to Kokborok,eng_Latn,trp_Latn,en2indic,False,contrastive,SCE-KIIT,SCE-KIIT_contrastive,COMET,49.89
Category 2,Kokborok to English,trp_Latn,eng_Latn,indic2en,True,primary,VoxNexus-Translate,VoxNexus-Translate_primary,BLEU,22.43
Category 2,Kokborok to English,trp_Latn,eng_Latn,indic2en,True,primary,VoxNexus-Translate,VoxNexus-Translate_primary,METEOR,52.01
Category 2,Kokborok to English,trp_Latn,eng_Latn,indic2en,True,primary,VoxNexus-Translate,VoxNexus-Translate_primary,TER,63.42
Category 2,Kokborok to English,trp_Latn,eng_Latn,indic2en,True,primary,VoxNexus-Translate,VoxNexus-Translate_primary,CHRF++,48.89
Category 2,Kokborok to English,trp_Latn,eng_Latn,indic2en,True,primary,VoxNexus-Translate,VoxNexus-Translate_primary,BERTScore,94.58
Category 2,Kokborok to English,trp_Latn,eng_Latn,indic2en,True,primary,VoxNexus-Translate,VoxNexus-Translate_primary,COMET,78.25
Category 2,Kokborok to English,trp_Latn,eng_Latn,indic2en,False,primary,gators,gators_primary,BLEU,16.67
Category 2,Kokborok to English,trp_Latn,eng_Latn,indic2en,False,primary,gators,gators_primary,METEOR,41.26
Category 2,Kokborok to English,trp_Latn,eng_Latn,indic2en,False,primary,gators,gators_primary,TER,84.06
Category 2,Kokborok to English,trp_Latn,eng_Latn,indic2en,False,primary,gators,gators_primary,CHRF++,41.58
Category 2,Kokborok to English,trp_Latn,eng_Latn,indic2en,False,primary,gators,gators_primary,BERTScore,92.04
Category 2,Kokborok to English,trp_Latn,eng_Latn,indic2en,False,primary,gators,gators_primary,COMET,68.81
Category 2,Kokborok to English,trp_Latn,eng_Latn,indic2en,False,primary,SCE-KIIT,SCE-KIIT_primary,BLEU,3.58
Category 2,Kokborok to English,trp_Latn,eng_Latn,indic2en,False,primary,SCE-KIIT,SCE-KIIT_primary,METEOR,23.59
Category 2,Kokborok to English,trp_Latn,eng_Latn,indic2en,False,primary,SCE-KIIT,SCE-KIIT_primary,TER,200.86
Category 2,Kokborok to English,trp_Latn,eng_Latn,indic2en,False,primary,SCE-KIIT,SCE-KIIT_primary,CHRF++,26.14
Category 2,Kokborok to English,trp_Latn,eng_Latn,indic2en,False,primary,SCE-KIIT,SCE-KIIT_primary,BERTScore,86.99
Category 2,Kokborok to English,trp_Latn,eng_Latn,indic2en,False,primary,SCE-KIIT,SCE-KIIT_primary,COMET,53.49
Category 2,Kokborok to English,trp_Latn,eng_Latn,indic2en,False,primary,TIP-RBG-AI,TIP-RBG-AI_primary,BLEU,3.35
Category 2,Kokborok to English,trp_Latn,eng_Latn,indic2en,False,primary,TIP-RBG-AI,TIP-RBG-AI_primary,METEOR,17.69
Category 2,Kokborok to English,trp_Latn,eng_Latn,indic2en,False,primary,TIP-RBG-AI,TIP-RBG-AI_primary,TER,113.33
Category 2,Kokborok to English,trp_Latn,eng_Latn,indic2en,False,primary,TIP-RBG-AI,TIP-RBG-AI_primary,CHRF++,23.17
Category 2,Kokborok to English,trp_Latn,eng_Latn,indic2en,False,primary,TIP-RBG-AI,TIP-RBG-AI_primary,BERTScore,81.44
Category 2,Kokborok to English,trp_Latn,eng_Latn,indic2en,False,primary,TIP-RBG-AI,TIP-RBG-AI_primary,COMET,40.78
Category 2,Kokborok to English,trp_Latn,eng_Latn,indic2en,False,primary,DoDS-IITPKD,DoDS-IITPKD_primary,BLEU,3.04
Category 2,Kokborok to English,trp_Latn,eng_Latn,indic2en,False,primary,DoDS-IITPKD,DoDS-IITPKD_primary,METEOR,17.32
Category 2,Kokborok to English,trp_Latn,eng_Latn,indic2en,False,primary,DoDS-IITPKD,DoDS-IITPKD_primary,TER,151.93
Category 2,Kokborok to English,trp_Latn,eng_Latn,indic2en,False,primary,DoDS-IITPKD,DoDS-IITPKD_primary,CHRF++,22.78
Category 2,Kokborok to English,trp_Latn,eng_Latn,indic2en,False,primary,DoDS-IITPKD,DoDS-IITPKD_primary,BERTScore,84.99
Category 2,Kokborok to English,trp_Latn,eng_Latn,indic2en,False,primary,DoDS-IITPKD,DoDS-IITPKD_primary,COMET,44.42
Category 2,Kokborok to English,trp_Latn,eng_Latn,indic2en,False,contrastive,DoDS-IITPKD,DoDS-IITPKD_contrastive2,BLEU,20.28
Category 2,Kokborok to English,trp_Latn,eng_Latn,indic2en,False,contrastive,DoDS-IITPKD,DoDS-IITPKD_contrastive2,METEOR,50.42
Category 2,Kokborok to English,trp_Latn,eng_Latn,indic2en,False,contrastive,DoDS-IITPKD,DoDS-IITPKD_contrastive2,TER,75.11
Category 2,Kokborok to English,trp_Latn,eng_Latn,indic2en,False,contrastive,DoDS-IITPKD,DoDS-IITPKD_contrastive2,CHRF++,48.47
Category 2,Kokborok to English,trp_Latn,eng_Latn,indic2en,False,contrastive,DoDS-IITPKD,DoDS-IITPKD_contrastive2,BERTScore,93.67
Category 2,Kokborok to English,trp_Latn,eng_Latn,indic2en,False,contrastive,DoDS-IITPKD,DoDS-IITPKD_contrastive2,COMET,76.25
Category 2,Kokborok to English,trp_Latn,eng_Latn,indic2en,False,contrastive,gators,gators_contrastive,BLEU,16.67
Category 2,Kokborok to English,trp_Latn,eng_Latn,indic2en,False,contrastive,gators,gators_contrastive,METEOR,41.26
Category 2,Kokborok to English,trp_Latn,eng_Latn,indic2en,False,contrastive,gators,gators_contrastive,TER,84.06
Category 2,Kokborok to English,trp_Latn,eng_Latn,indic2en,False,contrastive,gators,gators_contrastive,CHRF++,41.58
Category 2,Kokborok to English,trp_Latn,eng_Latn,indic2en,False,contrastive,gators,gators_contrastive,BERTScore,92.04
Category 2,Kokborok to English,trp_Latn,eng_Latn,indic2en,False,contrastive,gators,gators_contrastive,COMET,68.81
Category 2,Kokborok to English,trp_Latn,eng_Latn,indic2en,False,contrastive,DoDS-IITPKD,DoDS-IITPKD_contrastive,BLEU,12.08
Category 2,Kokborok to English,trp_Latn,eng_Latn,indic2en,False,contrastive,DoDS-IITPKD,DoDS-IITPKD_contrastive,METEOR,35.7
Category 2,Kokborok to English,trp_Latn,eng_Latn,indic2en,False,contrastive,DoDS-IITPKD,DoDS-IITPKD_contrastive,TER,94.12
Category 2,Kokborok to English,trp_Latn,eng_Latn,indic2en,False,contrastive,DoDS-IITPKD,DoDS-IITPKD_contrastive,CHRF++,36.65
Category 2,Kokborok to English,trp_Latn,eng_Latn,indic2en,False,contrastive,DoDS-IITPKD,DoDS-IITPKD_contrastive,BERTScore,90.86
Category 2,Kokborok to English,trp_Latn,eng_Latn,indic2en,False,contrastive,DoDS-IITPKD,DoDS-IITPKD_contrastive,COMET,65.47
Category 2,Kokborok to English,trp_Latn,eng_Latn,indic2en,False,contrastive,SCE-KIIT,SCE-KIIT_contrastive,BLEU,1.45
Category 2,Kokborok to English,trp_Latn,eng_Latn,indic2en,False,contrastive,SCE-KIIT,SCE-KIIT_contrastive,METEOR,16.72
Category 2,Kokborok to English,trp_Latn,eng_Latn,indic2en,False,contrastive,SCE-KIIT,SCE-KIIT_contrastive,TER,137.37
Category 2,Kokborok to English,trp_Latn,eng_Latn,indic2en,False,contrastive,SCE-KIIT,SCE-KIIT_contrastive,CHRF++,22.13
Category 2,Kokborok to English,trp_Latn,eng_Latn,indic2en,False,contrastive,SCE-KIIT,SCE-KIIT_contrastive,BERTScore,87.0
Category 2,Kokborok to English,trp_Latn,eng_Latn,indic2en,False,contrastive,SCE-KIIT,SCE-KIIT_contrastive,COMET,53.31
Category 2,English to Karbi,eng_Latn,mjw_Latn,en2indic,False,primary,gators,gators_primary,BLEU,5.39
Category 2,English to Karbi,eng_Latn,mjw_Latn,en2indic,False,primary,gators,gators_primary,METEOR,26.95
Category 2,English to Karbi,eng_Latn,mjw_Latn,en2indic,False,primary,gators,gators_primary,TER,114.02
Category 2,English to Karbi,eng_Latn,mjw_Latn,en2indic,False,primary,gators,gators_primary,CHRF++,33.38
Category 2,English to Karbi,eng_Latn,mjw_Latn,en2indic,False,primary,gators,gators_primary,BERTScore,72.14
Category 2,English to Karbi,eng_Latn,mjw_Latn,en2indic,False,primary,gators,gators_primary,COMET,57.76
Category 2,English to Karbi,eng_Latn,mjw_Latn,en2indic,False,primary,KrenTransV0-1,KrenTransV0-1_primary,BLEU,3.47
Category 2,English to Karbi,eng_Latn,mjw_Latn,en2indic,False,primary,KrenTransV0-1,KrenTransV0-1_primary,METEOR,15.03
Category 2,English to Karbi,eng_Latn,mjw_Latn,en2indic,False,primary,KrenTransV0-1,KrenTransV0-1_primary,TER,92.41
Category 2,English to Karbi,eng_Latn,mjw_Latn,en2indic,False,primary,KrenTransV0-1,KrenTransV0-1_primary,CHRF++,22.06
Category 2,English to Karbi,eng_Latn,mjw_Latn,en2indic,False,primary,KrenTransV0-1,KrenTransV0-1_primary,BERTScore,62.44
Category 2,English to Karbi,eng_Latn,mjw_Latn,en2indic,False,primary,KrenTransV0-1,KrenTransV0-1_primary,COMET,40.45
Category 2,English to Karbi,eng_Latn,mjw_Latn,en2indic,False,contrastive,gators,gators_contrastive,BLEU,5.74
Category 2,English to Karbi,eng_Latn,mjw_Latn,en2indic,False,contrastive,gators,gators_contrastive,METEOR,27.24
Category 2,English to Karbi,eng_Latn,mjw_Latn,en2indic,False,contrastive,gators,gators_contrastive,TER,107.55
Category 2,English to Karbi,eng_Latn,mjw_Latn,en2indic,False,contrastive,gators,gators_contrastive,CHRF++,33.85
Category 2,English to Karbi,eng_Latn,mjw_Latn,en2indic,False,contrastive,gators,gators_contrastive,BERTScore,72.17
Category 2,English to Karbi,eng_Latn,mjw_Latn,en2indic,False,contrastive,gators,gators_contrastive,COMET,57.94
Category 2,English to Karbi,eng_Latn,mjw_Latn,en2indic,False,contrastive,星辰之力,星辰之力_contrastive1,BLEU,3.03
Category 2,English to Karbi,eng_Latn,mjw_Latn,en2indic,False,contrastive,星辰之力,星辰之力_contrastive1,METEOR,19.57
Category 2,English to Karbi,eng_Latn,mjw_Latn,en2indic,False,contrastive,星辰之力,星辰之力_contrastive1,TER,93.37
Category 2,English to Karbi,eng_Latn,mjw_Latn,en2indic,False,contrastive,星辰之力,星辰之力_contrastive1,CHRF++,28.45
Category 2,English to Karbi,eng_Latn,mjw_Latn,en2indic,False,contrastive,星辰之力,星辰之力_contrastive1,BERTScore,71.0
Category 2,English to Karbi,eng_Latn,mjw_Latn,en2indic,False,contrastive,星辰之力,星辰之力_contrastive1,COMET,56.49
Category 2,English to Karbi,eng_Latn,mjw_Latn,en2indic,False,contrastive,星辰之力,星辰之力_contrastive2,BLEU,2.99
Category 2,English to Karbi,eng_Latn,mjw_Latn,en2indic,False,contrastive,星辰之力,星辰之力_contrastive2,METEOR,18.38
Category 2,English to Karbi,eng_Latn,mjw_Latn,en2indic,False,contrastive,星辰之力,星辰之力_contrastive2,TER,94.11
Category 2,English to Karbi,eng_Latn,mjw_Latn,en2indic,False,contrastive,星辰之力,星辰之力_contrastive2,CHRF++,27.3
Category 2,English to Karbi,eng_Latn,mjw_Latn,en2indic,False,contrastive,星辰之力,星辰之力_contrastive2,BERTScore,70.36
Category 2,English to Karbi,eng_Latn,mjw_Latn,en2indic,False,contrastive,星辰之力,星辰之力_contrastive2,COMET,55.79
Category 2,Karbi to English,mjw_Latn,eng_Latn,indic2en,True,primary,VoxNexus-Translate,VoxNexus-Translate_primary,BLEU,22.42
Category 2,Karbi to English,mjw_Latn,eng_Latn,indic2en,True,primary,VoxNexus-Translate,VoxNexus-Translate_primary,METEOR,51.86
Category 2,Karbi to English,mjw_Latn,eng_Latn,indic2en,True,primary,VoxNexus-Translate,VoxNexus-Translate_primary,TER,63.49
Category 2,Karbi to English,mjw_Latn,eng_Latn,indic2en,True,primary,VoxNexus-Translate,VoxNexus-Translate_primary,CHRF++,48.8
Category 2,Karbi to English,mjw_Latn,eng_Latn,indic2en,True,primary,VoxNexus-Translate,VoxNexus-Translate_primary,BERTScore,94.55
Category 2,Karbi to English,mjw_Latn,eng_Latn,indic2en,True,primary,VoxNexus-Translate,VoxNexus-Translate_primary,COMET,76.95
Category 2,Karbi to English,mjw_Latn,eng_Latn,indic2en,False,primary,gators,gators_primary,BLEU,9.62
Category 2,Karbi to English,mjw_Latn,eng_Latn,indic2en,False,primary,gators,gators_primary,METEOR,24.26
Category 2,Karbi to English,mjw_Latn,eng_Latn,indic2en,False,primary,gators,gators_primary,TER,92.01
Category 2,Karbi to English,mjw_Latn,eng_Latn,indic2en,False,primary,gators,gators_primary,CHRF++,28.93
Category 2,Karbi to English,mjw_Latn,eng_Latn,indic2en,False,primary,gators,gators_primary,BERTScore,89.21
Category 2,Karbi to English,mjw_Latn,eng_Latn,indic2en,False,primary,gators,gators_primary,COMET,57.54
Category 2,Karbi to English,mjw_Latn,eng_Latn,indic2en,False,primary,TIP-RBG-AI,TIP-RBG-AI_primary,BLEU,3.32
Category 2,Karbi to English,mjw_Latn,eng_Latn,indic2en,False,primary,TIP-RBG-AI,TIP-RBG-AI_primary,METEOR,15.92
Category 2,Karbi to English,mjw_Latn,eng_Latn,indic2en,False,primary,TIP-RBG-AI,TIP-RBG-AI_primary,TER,129.9
Category 2,Karbi to English,mjw_Latn,eng_Latn,indic2en,False,primary,TIP-RBG-AI,TIP-RBG-AI_primary,CHRF++,23.01
Category 2,Karbi to English,mjw_Latn,eng_Latn,indic2en,False,primary,TIP-RBG-AI,TIP-RBG-AI_primary,BERTScore,84.24
Category 2,Karbi to English,mjw_Latn,eng_Latn,indic2en,False,primary,TIP-RBG-AI,TIP-RBG-AI_primary,COMET,42.94
Category 2,Karbi to English,mjw_Latn,eng_Latn,indic2en,False,contrastive,gators,gators_contrastive,BLEU,9.62
Category 2,Karbi to English,mjw_Latn,eng_Latn,indic2en,False,contrastive,gators,gators_contrastive,METEOR,24.26
Category 2,Karbi to English,mjw_Latn,eng_Latn,indic2en,False,contrastive,gators,gators_contrastive,TER,92.01
Category 2,Karbi to English,mjw_Latn,eng_Latn,indic2en,False,contrastive,gators,gators_contrastive,CHRF++,28.93
Category 2,Karbi to English,mjw_Latn,eng_Latn,indic2en,False,contrastive,gators,gators_contrastive,BERTScore,89.21
Category 2,Karbi to English,mjw_Latn,eng_Latn,indic2en,False,contrastive,gators,gators_contrastive,COMET,57.54
Category 2,English to Nagamese,eng_Latn,nag_Latn,en2indic,False,primary,Decepticons-IIITH,Decepticons-IIITH_primary,BLEU,20.34
Category 2,English to Nagamese,eng_Latn,nag_Latn,en2indic,False,primary,Decepticons-IIITH,Decepticons-IIITH_primary,METEOR,59.95
Category 2,English to Nagamese,eng_Latn,nag_Latn,en2indic,False,primary,Decepticons-IIITH,Decepticons-IIITH_primary,TER,76.4
Category 2,English to Nagamese,eng_Latn,nag_Latn,en2indic,False,primary,Decepticons-IIITH,Decepticons-IIITH_primary,CHRF++,57.66
Category 2,English to Nagamese,eng_Latn,nag_Latn,en2indic,False,primary,Decepticons-IIITH,Decepticons-IIITH_primary,BERTScore,82.28
Category 2,English to Nagamese,eng_Latn,nag_Latn,en2indic,False,primary,Decepticons-IIITH,Decepticons-IIITH_primary,COMET,69.55
Category 2,English to Nagamese,eng_Latn,nag_Latn,en2indic,False,primary,gators,gators_primary,BLEU,17.44
Category 2,English to Nagamese,eng_Latn,nag_Latn,en2indic,False,primary,gators,gators_primary,METEOR,56.5
Category 2,English to Nagamese,eng_Latn,nag_Latn,en2indic,False,primary,gators,gators_primary,TER,84.77
Category 2,English to Nagamese,eng_Latn,nag_Latn,en2indic,False,primary,gators,gators_primary,CHRF++,54.93
Category 2,English to Nagamese,eng_Latn,nag_Latn,en2indic,False,primary,gators,gators_primary,BERTScore,81.05
Category 2,English to Nagamese,eng_Latn,nag_Latn,en2indic,False,primary,gators,gators_primary,COMET,66.34
Category 2,English to Nagamese,eng_Latn,nag_Latn,en2indic,False,primary,ANVITA,ANVITA_primary,BLEU,16.37
Category 2,English to Nagamese,eng_Latn,nag_Latn,en2indic,False,primary,ANVITA,ANVITA_primary,METEOR,52.05
Category 2,English to Nagamese,eng_Latn,nag_Latn,en2indic,False,primary,ANVITA,ANVITA_primary,TER,81.65
Category 2,English to Nagamese,eng_Latn,nag_Latn,en2indic,False,primary,ANVITA,ANVITA_primary,CHRF++,51.81
Category 2,English to Nagamese,eng_Latn,nag_Latn,en2indic,False,primary,ANVITA,ANVITA_primary,BERTScore,80.25
Category 2,English to Nagamese,eng_Latn,nag_Latn,en2indic,False,primary,ANVITA,ANVITA_primary,COMET,65.16
Category 2,English to Nagamese,eng_Latn,nag_Latn,en2indic,False,primary,SCE-KIIT,SCE-KIIT_primary,BLEU,12.51
Category 2,English to Nagamese,eng_Latn,nag_Latn,en2indic,False,primary,SCE-KIIT,SCE-KIIT_primary,METEOR,42.54
Category 2,English to Nagamese,eng_Latn,nag_Latn,en2indic,False,primary,SCE-KIIT,SCE-KIIT_primary,TER,91.82
Category 2,English to Nagamese,eng_Latn,nag_Latn,en2indic,False,primary,SCE-KIIT,SCE-KIIT_primary,CHRF++,43.81
Category 2,English to Nagamese,eng_Latn,nag_Latn,en2indic,False,primary,SCE-KIIT,SCE-KIIT_primary,BERTScore,77.45
Category 2,English to Nagamese,eng_Latn,nag_Latn,en2indic,False,primary,SCE-KIIT,SCE-KIIT_primary,COMET,59.04
Category 2,English to Nagamese,eng_Latn,nag_Latn,en2indic,False,primary,KrenTransV0-1,KrenTransV0-1_primary,BLEU,0.67
Category 2,English to Nagamese,eng_Latn,nag_Latn,en2indic,False,primary,KrenTransV0-1,KrenTransV0-1_primary,METEOR,10.95
Category 2,English to Nagamese,eng_Latn,nag_Latn,en2indic,False,primary,KrenTransV0-1,KrenTransV0-1_primary,TER,108.24
Category 2,English to Nagamese,eng_Latn,nag_Latn,en2indic,False,primary,KrenTransV0-1,KrenTransV0-1_primary,CHRF++,16.4
Category 2,English to Nagamese,eng_Latn,nag_Latn,en2indic,False,primary,KrenTransV0-1,KrenTransV0-1_primary,BERTScore,67.56
Category 2,English to Nagamese,eng_Latn,nag_Latn,en2indic,False,primary,KrenTransV0-1,KrenTransV0-1_primary,COMET,44.16
Category 2,English to Nagamese,eng_Latn,nag_Latn,en2indic,False,contrastive,gators,gators_contrastive,BLEU,16.62
Category 2,English to Nagamese,eng_Latn,nag_Latn,en2indic,False,contrastive,gators,gators_contrastive,METEOR,55.61
Category 2,English to Nagamese,eng_Latn,nag_Latn,en2indic,False,contrastive,gators,gators_contrastive,TER,86.83
Category 2,English to Nagamese,eng_Latn,nag_Latn,en2indic,False,contrastive,gators,gators_contrastive,CHRF++,54.14
Category 2,English to Nagamese,eng_Latn,nag_Latn,en2indic,False,contrastive,gators,gators_contrastive,BERTScore,80.66
Category 2,English to Nagamese,eng_Latn,nag_Latn,en2indic,False,contrastive,gators,gators_contrastive,COMET,65.13
Category 2,English to Nagamese,eng_Latn,nag_Latn,en2indic,False,contrastive,ANVITA,ANVITA_contrastive_2,BLEU,16.14
Category 2,English to Nagamese,eng_Latn,nag_Latn,en2indic,False,contrastive,ANVITA,ANVITA_contrastive_2,METEOR,50.13
Category 2,English to Nagamese,eng_Latn,nag_Latn,en2indic,False,contrastive,ANVITA,ANVITA_contrastive_2,TER,82.28
Category 2,English to Nagamese,eng_Latn,nag_Latn,en2indic,False,contrastive,ANVITA,ANVITA_contrastive_2,CHRF++,50.22
Category 2,English to Nagamese,eng_Latn,nag_Latn,en2indic,False,contrastive,ANVITA,ANVITA_contrastive_2,BERTScore,79.63
Category 2,English to Nagamese,eng_Latn,nag_Latn,en2indic,False,contrastive,ANVITA,ANVITA_contrastive_2,COMET,64.14
Category 2,English to Nagamese,eng_Latn,nag_Latn,en2indic,False,contrastive,ANVITA,ANVITA_contrastive,BLEU,15.88
Category 2,English to Nagamese,eng_Latn,nag_Latn,en2indic,False,contrastive,ANVITA,ANVITA_contrastive,METEOR,50.25
Category 2,English to Nagamese,eng_Latn,nag_Latn,en2indic,False,contrastive,ANVITA,ANVITA_contrastive,TER,83.73
Category 2,English to Nagamese,eng_Latn,nag_Latn,en2indic,False,contrastive,ANVITA,ANVITA_contrastive,CHRF++,50.48
Category 2,English to Nagamese,eng_Latn,nag_Latn,en2indic,False,contrastive,ANVITA,ANVITA_contrastive,BERTScore,79.66
Category 2,English to Nagamese,eng_Latn,nag_Latn,en2indic,False,contrastive,ANVITA,ANVITA_contrastive,COMET,63.81
Category 2,English to Nagamese,eng_Latn,nag_Latn,en2indic,False,contrastive,星辰之力,星辰之力_contrastive2,BLEU,12.9
Category 2,English to Nagamese,eng_Latn,nag_Latn,en2indic,False,contrastive,星辰之力,星辰之力_contrastive2,METEOR,47.3
Category 2,English to Nagamese,eng_Latn,nag_Latn,en2indic,False,contrastive,星辰之力,星辰之力_contrastive2,TER,97.04
Category 2,English to Nagamese,eng_Latn,nag_Latn,en2indic,False,contrastive,星辰之力,星辰之力_contrastive2,CHRF++,47.31
Category 2,English to Nagamese,eng_Latn,nag_Latn,en2indic,False,contrastive,星辰之力,星辰之力_contrastive2,BERTScore,78.81
Category 2,English to Nagamese,eng_Latn,nag_Latn,en2indic,False,contrastive,星辰之力,星辰之力_contrastive2,COMET,62.58
Category 2,English to Nagamese,eng_Latn,nag_Latn,en2indic,False,contrastive,星辰之力,星辰之力_contrastive1,BLEU,12.35
Category 2,English to Nagamese,eng_Latn,nag_Latn,en2indic,False,contrastive,星辰之力,星辰之力_contrastive1,METEOR,46.94
Category 2,English to Nagamese,eng_Latn,nag_Latn,en2indic,False,contrastive,星辰之力,星辰之力_contrastive1,TER,98.15
Category 2,English to Nagamese,eng_Latn,nag_Latn,en2indic,False,contrastive,星辰之力,星辰之力_contrastive1,CHRF++,47.51
Category 2,English to Nagamese,eng_Latn,nag_Latn,en2indic,False,contrastive,星辰之力,星辰之力_contrastive1,BERTScore,78.43
Category 2,English to Nagamese,eng_Latn,nag_Latn,en2indic,False,contrastive,星辰之力,星辰之力_contrastive1,COMET,62.04
Category 2,English to Nagamese,eng_Latn,nag_Latn,en2indic,False,contrastive,Decepticons-IIITH,Decepticons-IIITH_contrastive,BLEU,12.01
Category 2,English to Nagamese,eng_Latn,nag_Latn,en2indic,False,contrastive,Decepticons-IIITH,Decepticons-IIITH_contrastive,METEOR,47.84
Category 2,English to Nagamese,eng_Latn,nag_Latn,en2indic,False,contrastive,Decepticons-IIITH,Decepticons-IIITH_contrastive,TER,105.06
Category 2,English to Nagamese,eng_Latn,nag_Latn,en2indic,False,contrastive,Decepticons-IIITH,Decepticons-IIITH_contrastive,CHRF++,47.78
Category 2,English to Nagamese,eng_Latn,nag_Latn,en2indic,False,contrastive,Decepticons-IIITH,Decepticons-IIITH_contrastive,BERTScore,76.48
Category 2,English to Nagamese,eng_Latn,nag_Latn,en2indic,False,contrastive,Decepticons-IIITH,Decepticons-IIITH_contrastive,COMET,62.47
Category 2,Nagamese to English,nag_Latn,eng_Latn,indic2en,True,primary,VoxNexus-Translate,VoxNexus-Translate_primary,BLEU,21.77
Category 2,Nagamese to English,nag_Latn,eng_Latn,indic2en,True,primary,VoxNexus-Translate,VoxNexus-Translate_primary,METEOR,47.26
Category 2,Nagamese to English,nag_Latn,eng_Latn,indic2en,True,primary,VoxNexus-Translate,VoxNexus-Translate_primary,TER,65.51
Category 2,Nagamese to English,nag_Latn,eng_Latn,indic2en,True,primary,VoxNexus-Translate,VoxNexus-Translate_primary,CHRF++,46.35
Category 2,Nagamese to English,nag_Latn,eng_Latn,indic2en,True,primary,VoxNexus-Translate,VoxNexus-Translate_primary,BERTScore,93.88
Category 2,Nagamese to English,nag_Latn,eng_Latn,indic2en,True,primary,VoxNexus-Translate,VoxNexus-Translate_primary,COMET,77.44
Category 2,Nagamese to English,nag_Latn,eng_Latn,indic2en,False,primary,gators,gators_primary,BLEU,19.8
Category 2,Nagamese to English,nag_Latn,eng_Latn,indic2en,False,primary,gators,gators_primary,METEOR,45.06
Category 2,Nagamese to English,nag_Latn,eng_Latn,indic2en,False,primary,gators,gators_primary,TER,67.43
Category 2,Nagamese to English,nag_Latn,eng_Latn,indic2en,False,primary,gators,gators_primary,CHRF++,44.88
Category 2,Nagamese to English,nag_Latn,eng_Latn,indic2en,False,primary,gators,gators_primary,BERTScore,93.63
Category 2,Nagamese to English,nag_Latn,eng_Latn,indic2en,False,primary,gators,gators_primary,COMET,77.25
Category 2,Nagamese to English,nag_Latn,eng_Latn,indic2en,False,primary,ANVITA,ANVITA_primary,BLEU,10.91
Category 2,Nagamese to English,nag_Latn,eng_Latn,indic2en,False,primary,ANVITA,ANVITA_primary,METEOR,37.91
Category 2,Nagamese to English,nag_Latn,eng_Latn,indic2en,False,primary,ANVITA,ANVITA_primary,TER,80.09
Category 2,Nagamese to English,nag_Latn,eng_Latn,indic2en,False,primary,ANVITA,ANVITA_primary,CHRF++,36.1
Category 2,Nagamese to English,nag_Latn,eng_Latn,indic2en,False,primary,ANVITA,ANVITA_primary,BERTScore,90.96
Category 2,Nagamese to English,nag_Latn,eng_Latn,indic2en,False,primary,ANVITA,ANVITA_primary,COMET,66.47
Category 2,Nagamese to English,nag_Latn,eng_Latn,indic2en,True,primary,BVSLP,BVSLP_primary,BLEU,8.18
Category 2,Nagamese to English,nag_Latn,eng_Latn,indic2en,True,primary,BVSLP,BVSLP_primary,METEOR,30.68
Category 2,Nagamese to English,nag_Latn,eng_Latn,indic2en,True,primary,BVSLP,BVSLP_primary,TER,89.11
Category 2,Nagamese to English,nag_Latn,eng_Latn,indic2en,True,primary,BVSLP,BVSLP_primary,CHRF++,32.13
Category 2,Nagamese to English,nag_Latn,eng_Latn,indic2en,True,primary,BVSLP,BVSLP_primary,BERTScore,88.95
Category 2,Nagamese to English,nag_Latn,eng_Latn,indic2en,True,primary,BVSLP,BVSLP_primary,COMET,58.93
Category 2,Nagamese to English,nag_Latn,eng_Latn,indic2en,False,primary,TIP-RBG-AI,TIP-RBG-AI_primary,BLEU,5.61
Category 2,Nagamese to English,nag_Latn,eng_Latn,indic2en,False,primary,TIP-RBG-AI,TIP-RBG-AI_primary,METEOR,29.55
Category 2,Nagamese to English,nag_Latn,eng_Latn,indic2en,False,primary,TIP-RBG-AI,TIP-RBG-AI_primary,TER,88.46
Category 2,Nagamese to English,nag_Latn,eng_Latn,indic2en,False,primary,TIP-RBG-AI,TIP-RBG-AI_primary,CHRF++,32.06
Category 2,Nagamese to English,nag_Latn,eng_Latn,indic2en,False,primary,TIP-RBG-AI,TIP-RBG-AI_primary,BERTScore,86.86
Category 2,Nagamese to English,nag_Latn,eng_Latn,indic2en,False,primary,TIP-RBG-AI,TIP-RBG-AI_primary,COMET,56.64
Category 2,Nagamese to English,nag_Latn,eng_Latn,indic2en,False,contrastive,gators,gators_contrastive,BLEU,19.48
Category 2,Nagamese to English,nag_Latn,eng_Latn,indic2en,False,contrastive,gators,gators_contrastive,METEOR,45.03
Category 2,Nagamese to English,nag_Latn,eng_Latn,indic2en,False,contrastive,gators,gators_contrastive,TER,67.93
Category 2,Nagamese to English,nag_Latn,eng_Latn,indic2en,False,contrastive,gators,gators_contrastive,CHRF++,44.66
Category 2,Nagamese to English,nag_Latn,eng_Latn,indic2en,False,contrastive,gators,gators_contrastive,BERTScore,93.61
Category 2,Nagamese to English,nag_Latn,eng_Latn,indic2en,False,contrastive,gators,gators_contrastive,COMET,77.03
Category 2,Nagamese to English,nag_Latn,eng_Latn,indic2en,False,contrastive,ANVITA,ANVITA_contrastive_2,BLEU,13.82
Category 2,Nagamese to English,nag_Latn,eng_Latn,indic2en,False,contrastive,ANVITA,ANVITA_contrastive_2,METEOR,39.43
Category 2,Nagamese to English,nag_Latn,eng_Latn,indic2en,False,contrastive,ANVITA,ANVITA_contrastive_2,TER,73.78
Category 2,Nagamese to English,nag_Latn,eng_Latn,indic2en,False,contrastive,ANVITA,ANVITA_contrastive_2,CHRF++,39.37
Category 2,Nagamese to English,nag_Latn,eng_Latn,indic2en,False,contrastive,ANVITA,ANVITA_contrastive_2,BERTScore,92.52
Category 2,Nagamese to English,nag_Latn,eng_Latn,indic2en,False,contrastive,ANVITA,ANVITA_contrastive_2,COMET,72.95
Category 2,Nagamese to English,nag_Latn,eng_Latn,indic2en,False,contrastive,ANVITA,ANVITA_contrastive,BLEU,14.72
Category 2,Nagamese to English,nag_Latn,eng_Latn,indic2en,False,contrastive,ANVITA,ANVITA_contrastive,METEOR,40.78
Category 2,Nagamese to English,nag_Latn,eng_Latn,indic2en,False,contrastive,ANVITA,ANVITA_contrastive,TER,72.56
Category 2,Nagamese to English,nag_Latn,eng_Latn,indic2en,False,contrastive,ANVITA,ANVITA_contrastive,CHRF++,40.48
Category 2,Nagamese to English,nag_Latn,eng_Latn,indic2en,False,contrastive,ANVITA,ANVITA_contrastive,BERTScore,92.7
Category 2,Nagamese to English,nag_Latn,eng_Latn,indic2en,False,contrastive,ANVITA,ANVITA_contrastive,COMET,73.57
Category 2,English to Tagin,eng_Latn,tgj_Latn,en2indic,False,primary,ANVITA,ANVITA_primary,BLEU,4.81
Category 2,English to Tagin,eng_Latn,tgj_Latn,en2indic,False,primary,ANVITA,ANVITA_primary,METEOR,15.04
Category 2,English to Tagin,eng_Latn,tgj_Latn,en2indic,False,primary,ANVITA,ANVITA_primary,TER,92.58
Category 2,English to Tagin,eng_Latn,tgj_Latn,en2indic,False,primary,ANVITA,ANVITA_primary,CHRF++,22.39
Category 2,English to Tagin,eng_Latn,tgj_Latn,en2indic,False,primary,ANVITA,ANVITA_primary,BERTScore,70.49
Category 2,English to Tagin,eng_Latn,tgj_Latn,en2indic,False,primary,ANVITA,ANVITA_primary,COMET,52.61
Category 2,English to Tagin,eng_Latn,tgj_Latn,en2indic,False,primary,gators,gators_primary,BLEU,2.4
Category 2,English to Tagin,eng_Latn,tgj_Latn,en2indic,False,primary,gators,gators_primary,METEOR,17.99
Category 2,English to Tagin,eng_Latn,tgj_Latn,en2indic,False,primary,gators,gators_primary,TER,220.26
Category 2,English to Tagin,eng_Latn,tgj_Latn,en2indic,False,primary,gators,gators_primary,CHRF++,20.48
Category 2,English to Tagin,eng_Latn,tgj_Latn,en2indic,False,primary,gators,gators_primary,BERTScore,69.02
Category 2,English to Tagin,eng_Latn,tgj_Latn,en2indic,False,primary,gators,gators_primary,COMET,52.15
Category 2,English to Tagin,eng_Latn,tgj_Latn,en2indic,False,primary,LTRC_Plural,LTRC_Plural_primary,BLEU,2.25
Category 2,English to Tagin,eng_Latn,tgj_Latn,en2indic,False,primary,LTRC_Plural,LTRC_Plural_primary,METEOR,15.46
Category 2,English to Tagin,eng_Latn,tgj_Latn,en2indic,False,primary,LTRC_Plural,LTRC_Plural_primary,TER,195.42
Category 2,English to Tagin,eng_Latn,tgj_Latn,en2indic,False,primary,LTRC_Plural,LTRC_Plural_primary,CHRF++,19.17
Category 2,English to Tagin,eng_Latn,tgj_Latn,en2indic,False,primary,LTRC_Plural,LTRC_Plural_primary,BERTScore,67.91
Category 2,English to Tagin,eng_Latn,tgj_Latn,en2indic,False,primary,LTRC_Plural,LTRC_Plural_primary,COMET,51.52
Category 2,English to Tagin,eng_Latn,tgj_Latn,en2indic,False,primary,KrenTransV0-1,KrenTransV0-1_primary,BLEU,0.0
Category 2,English to Tagin,eng_Latn,tgj_Latn,en2indic,False,primary,KrenTransV0-1,KrenTransV0-1_primary,METEOR,3.73
Category 2,English to Tagin,eng_Latn,tgj_Latn,en2indic,False,primary,KrenTransV0-1,KrenTransV0-1_primary,TER,98.38
Category 2,English to Tagin,eng_Latn,tgj_Latn,en2indic,False,primary,KrenTransV0-1,KrenTransV0-1_primary,CHRF++,8.98
Category 2,English to Tagin,eng_Latn,tgj_Latn,en2indic,False,primary,KrenTransV0-1,KrenTransV0-1_primary,BERTScore,68.57
Category 2,English to Tagin,eng_Latn,tgj_Latn,en2indic,False,primary,KrenTransV0-1,KrenTransV0-1_primary,COMET,47.32
Category 2,English to Tagin,eng_Latn,tgj_Latn,en2indic,False,contrastive,星辰之力,星辰之力_contrastive1,BLEU,4.84
Category 2,English to Tagin,eng_Latn,tgj_Latn,en2indic,False,contrastive,星辰之力,星辰之力_contrastive1,METEOR,16.77
Category 2,English to Tagin,eng_Latn,tgj_Latn,en2indic,False,contrastive,星辰之力,星辰之力_contrastive1,TER,95.42
Category 2,English to Tagin,eng_Latn,tgj_Latn,en2indic,False,contrastive,星辰之力,星辰之力_contrastive1,CHRF++,23.95
Category 2,English to Tagin,eng_Latn,tgj_Latn,en2indic,False,contrastive,星辰之力,星辰之力_contrastive1,BERTScore,71.77
Category 2,English to Tagin,eng_Latn,tgj_Latn,en2indic,False,contrastive,星辰之力,星辰之力_contrastive1,COMET,56.45
Category 2,English to Tagin,eng_Latn,tgj_Latn,en2indic,False,contrastive,星辰之力,星辰之力_contrastive2,BLEU,4.75
Category 2,English to Tagin,eng_Latn,tgj_Latn,en2indic,False,contrastive,星辰之力,星辰之力_contrastive2,METEOR,16.67
Category 2,English to Tagin,eng_Latn,tgj_Latn,en2indic,False,contrastive,星辰之力,星辰之力_contrastive2,TER,96.85
Category 2,English to Tagin,eng_Latn,tgj_Latn,en2indic,False,contrastive,星辰之力,星辰之力_contrastive2,CHRF++,23.85
Category 2,English to Tagin,eng_Latn,tgj_Latn,en2indic,False,contrastive,星辰之力,星辰之力_contrastive2,BERTScore,71.68
Category 2,English to Tagin,eng_Latn,tgj_Latn,en2indic,False,contrastive,星辰之力,星辰之力_contrastive2,COMET,56.42
Category 2,English to Tagin,eng_Latn,tgj_Latn,en2indic,False,contrastive,LTRC_Plural,LTRC_Plural_contrastive_2,BLEU,3.88
Category 2,English to Tagin,eng_Latn,tgj_Latn,en2indic,False,contrastive,LTRC_Plural,LTRC_Plural_contrastive_2,METEOR,20.9
Category 2,English to Tagin,eng_Latn,tgj_Latn,en2indic,False,contrastive,LTRC_Plural,LTRC_Plural_contrastive_2,TER,144.21
Category 2,English to Tagin,eng_Latn,tgj_Latn,en2indic,False,contrastive,LTRC_Plural,LTRC_Plural_contrastive_2,CHRF++,26.14
Category 2,English to Tagin,eng_Latn,tgj_Latn,en2indic,False,contrastive,LTRC_Plural,LTRC_Plural_contrastive_2,BERTScore,70.83
Category 2,English to Tagin,eng_Latn,tgj_Latn,en2indic,False,contrastive,LTRC_Plural,LTRC_Plural_contrastive_2,COMET,54.86
Category 2,English to Tagin,eng_Latn,tgj_Latn,en2indic,False,contrastive,ANVITA,ANVITA_contrastive,BLEU,3.71
Category 2,English to Tagin,eng_Latn,tgj_Latn,en2indic,False,contrastive,ANVITA,ANVITA_contrastive,METEOR,20.12
Category 2,English to Tagin,eng_Latn,tgj_Latn,en2indic,False,contrastive,ANVITA,ANVITA_contrastive,TER,99.11
Category 2,English to Tagin,eng_Latn,tgj_Latn,en2indic,False,contrastive,ANVITA,ANVITA_contrastive,CHRF++,28.0
Category 2,English to Tagin,eng_Latn,tgj_Latn,en2indic,False,contrastive,ANVITA,ANVITA_contrastive,BERTScore,72.76
Category 2,English to Tagin,eng_Latn,tgj_Latn,en2indic,False,contrastive,ANVITA,ANVITA_contrastive,COMET,58.65
Category 2,English to Tagin,eng_Latn,tgj_Latn,en2indic,False,contrastive,gators,gators_contrastive,BLEU,3.31
Category 2,English to Tagin,eng_Latn,tgj_Latn,en2indic,False,contrastive,gators,gators_contrastive,METEOR,19.87
Category 2,English to Tagin,eng_Latn,tgj_Latn,en2indic,False,contrastive,gators,gators_contrastive,TER,162.83
Category 2,English to Tagin,eng_Latn,tgj_Latn,en2indic,False,contrastive,gators,gators_contrastive,CHRF++,24.13
Category 2,English to Tagin,eng_Latn,tgj_Latn,en2indic,False,contrastive,gators,gators_contrastive,BERTScore,71.01
Category 2,English to Tagin,eng_Latn,tgj_Latn,en2indic,False,contrastive,gators,gators_contrastive,COMET,55.51
Category 2,English to Tagin,eng_Latn,tgj_Latn,en2indic,False,contrastive,LTRC_Plural,LTRC_Plural_contrastive_1,BLEU,1.65
Category 2,English to Tagin,eng_Latn,tgj_Latn,en2indic,False,contrastive,LTRC_Plural,LTRC_Plural_contrastive_1,METEOR,13.63
Category 2,English to Tagin,eng_Latn,tgj_Latn,en2indic,False,contrastive,LTRC_Plural,LTRC_Plural_contrastive_1,TER,176.5
Category 2,English to Tagin,eng_Latn,tgj_Latn,en2indic,False,contrastive,LTRC_Plural,LTRC_Plural_contrastive_1,CHRF++,21.76
Category 2,English to Tagin,eng_Latn,tgj_Latn,en2indic,False,contrastive,LTRC_Plural,LTRC_Plural_contrastive_1,BERTScore,69.46
Category 2,English to Tagin,eng_Latn,tgj_Latn,en2indic,False,contrastive,LTRC_Plural,LTRC_Plural_contrastive_1,COMET,53.37
Category 2,Tagin to English,tgj_Latn,eng_Latn,indic2en,True,primary,VoxNexus-Translate,VoxNexus-Translate_primary,BLEU,22.38
Category 2,Tagin to English,tgj_Latn,eng_Latn,indic2en,True,primary,VoxNexus-Translate,VoxNexus-Translate_primary,METEOR,51.61
Category 2,Tagin to English,tgj_Latn,eng_Latn,indic2en,True,primary,VoxNexus-Translate,VoxNexus-Translate_primary,TER,63.59
Category 2,Tagin to English,tgj_Latn,eng_Latn,indic2en,True,primary,VoxNexus-Translate,VoxNexus-Translate_primary,CHRF++,48.69
Category 2,Tagin to English,tgj_Latn,eng_Latn,indic2en,True,primary,VoxNexus-Translate,VoxNexus-Translate_primary,BERTScore,94.53
Category 2,Tagin to English,tgj_Latn,eng_Latn,indic2en,True,primary,VoxNexus-Translate,VoxNexus-Translate_primary,COMET,78.19
Category 2,Tagin to English,tgj_Latn,eng_Latn,indic2en,False,primary,gators,gators_primary,BLEU,3.89
Category 2,Tagin to English,tgj_Latn,eng_Latn,indic2en,False,primary,gators,gators_primary,METEOR,14.64
Category 2,Tagin to English,tgj_Latn,eng_Latn,indic2en,False,primary,gators,gators_primary,TER,97.48
Category 2,Tagin to English,tgj_Latn,eng_Latn,indic2en,False,primary,gators,gators_primary,CHRF++,17.46
Category 2,Tagin to English,tgj_Latn,eng_Latn,indic2en,False,primary,gators,gators_primary,BERTScore,86.84
Category 2,Tagin to English,tgj_Latn,eng_Latn,indic2en,False,primary,gators,gators_primary,COMET,48.57
Category 2,Tagin to English,tgj_Latn,eng_Latn,indic2en,False,primary,LTRC_Plural,LTRC_Plural_primary,BLEU,2.62
Category 2,Tagin to English,tgj_Latn,eng_Latn,indic2en,False,primary,LTRC_Plural,LTRC_Plural_primary,METEOR,12.33
Category 2,Tagin to English,tgj_Latn,eng_Latn,indic2en,False,primary,LTRC_Plural,LTRC_Plural_primary,TER,126.16
Category 2,Tagin to English,tgj_Latn,eng_Latn,indic2en,False,primary,LTRC_Plural,LTRC_Plural_primary,CHRF++,16.91
Category 2,Tagin to English,tgj_Latn,eng_Latn,indic2en,False,primary,LTRC_Plural,LTRC_Plural_primary,BERTScore,86.25
Category 2,Tagin to English,tgj_Latn,eng_Latn,indic2en,False,primary,LTRC_Plural,LTRC_Plural_primary,COMET,47.39
Category 2,Tagin to English,tgj_Latn,eng_Latn,indic2en,False,primary,ANVITA,ANVITA_primary,BLEU,2.43
Category 2,Tagin to English,tgj_Latn,eng_Latn,indic2en,False,primary,ANVITA,ANVITA_primary,METEOR,12.59
Category 2,Tagin to English,tgj_Latn,eng_Latn,indic2en,False,primary,ANVITA,ANVITA_primary,TER,100.71
Category 2,Tagin to English,tgj_Latn,eng_Latn,indic2en,False,primary,ANVITA,ANVITA_primary,CHRF++,16.72
Category 2,Tagin to English,tgj_Latn,eng_Latn,indic2en,False,primary,ANVITA,ANVITA_primary,BERTScore,86.52
Category 2,Tagin to English,tgj_Latn,eng_Latn,indic2en,False,primary,ANVITA,ANVITA_primary,COMET,47.01
Category 2,Tagin to English,tgj_Latn,eng_Latn,indic2en,False,primary,TIP-RBG-AI,TIP-RBG-AI_primary,BLEU,1.63
Category 2,Tagin to English,tgj_Latn,eng_Latn,indic2en,False,primary,TIP-RBG-AI,TIP-RBG-AI_primary,METEOR,7.89
Category 2,Tagin to English,tgj_Latn,eng_Latn,indic2en,False,primary,TIP-RBG-AI,TIP-RBG-AI_primary,TER,111.07
Category 2,Tagin to English,tgj_Latn,eng_Latn,indic2en,False,primary,TIP-RBG-AI,TIP-RBG-AI_primary,CHRF++,12.86
Category 2,Tagin to English,tgj_Latn,eng_Latn,indic2en,False,primary,TIP-RBG-AI,TIP-RBG-AI_primary,BERTScore,79.63
Category 2,Tagin to English,tgj_Latn,eng_Latn,indic2en,False,primary,TIP-RBG-AI,TIP-RBG-AI_primary,COMET,33.16
Category 2,Tagin to English,tgj_Latn,eng_Latn,indic2en,False,contrastive,gators,gators_contrastive,BLEU,4.01
Category 2,Tagin to English,tgj_Latn,eng_Latn,indic2en,False,contrastive,gators,gators_contrastive,METEOR,15.12
Category 2,Tagin to English,tgj_Latn,eng_Latn,indic2en,False,contrastive,gators,gators_contrastive,TER,94.81
Category 2,Tagin to English,tgj_Latn,eng_Latn,indic2en,False,contrastive,gators,gators_contrastive,CHRF++,17.73
Category 2,Tagin to English,tgj_Latn,eng_Latn,indic2en,False,contrastive,gators,gators_contrastive,BERTScore,86.88
Category 2,Tagin to English,tgj_Latn,eng_Latn,indic2en,False,contrastive,gators,gators_contrastive,COMET,49.33
Category 2,Tagin to English,tgj_Latn,eng_Latn,indic2en,False,contrastive,ANVITA,ANVITA_contrastive,BLEU,3.52
Category 2,Tagin to English,tgj_Latn,eng_Latn,indic2en,False,contrastive,ANVITA,ANVITA_contrastive,METEOR,15.46
Category 2,Tagin to English,tgj_Latn,eng_Latn,indic2en,False,contrastive,ANVITA,ANVITA_contrastive,TER,91.48
Category 2,Tagin to English,tgj_Latn,eng_Latn,indic2en,False,contrastive,ANVITA,ANVITA_contrastive,CHRF++,17.96
Category 2,Tagin to English,tgj_Latn,eng_Latn,indic2en,False,contrastive,ANVITA,ANVITA_contrastive,BERTScore,87.1
Category 2,Tagin to English,tgj_Latn,eng_Latn,indic2en,False,contrastive,ANVITA,ANVITA_contrastive,COMET,49.56
Category 2,Tagin to English,tgj_Latn,eng_Latn,indic2en,False,contrastive,LTRC_Plural,LTRC_Plural_contrastive_2,BLEU,2.28
Category 2,Tagin to English,tgj_Latn,eng_Latn,indic2en,False,contrastive,LTRC_Plural,LTRC_Plural_contrastive_2,METEOR,11.87
Category 2,Tagin to English,tgj_Latn,eng_Latn,indic2en,False,contrastive,LTRC_Plural,LTRC_Plural_contrastive_2,TER,126.74
Category 2,Tagin to English,tgj_Latn,eng_Latn,indic2en,False,contrastive,LTRC_Plural,LTRC_Plural_contrastive_2,CHRF++,17.64
Category 2,Tagin to English,tgj_Latn,eng_Latn,indic2en,False,contrastive,LTRC_Plural,LTRC_Plural_contrastive_2,BERTScore,85.79
Category 2,Tagin to English,tgj_Latn,eng_Latn,indic2en,False,contrastive,LTRC_Plural,LTRC_Plural_contrastive_2,COMET,47.26
Category 2,Tagin to English,tgj_Latn,eng_Latn,indic2en,False,contrastive,LTRC_Plural,LTRC_Plural_contrastive_1,BLEU,1.3
Category 2,Tagin to English,tgj_Latn,eng_Latn,indic2en,False,contrastive,LTRC_Plural,LTRC_Plural_contrastive_1,METEOR,10.65
Category 2,Tagin to English,tgj_Latn,eng_Latn,indic2en,False,contrastive,LTRC_Plural,LTRC_Plural_contrastive_1,TER,121.78
Category 2,Tagin to English,tgj_Latn,eng_Latn,indic2en,False,contrastive,LTRC_Plural,LTRC_Plural_contrastive_1,CHRF++,16.7
Category 2,Tagin to English,tgj_Latn,eng_Latn,indic2en,False,contrastive,LTRC_Plural,LTRC_Plural_contrastive_1,BERTScore,85.34
Category 2,Tagin to English,tgj_Latn,eng_Latn,indic2en,False,contrastive,LTRC_Plural,LTRC_Plural_contrastive_1,COMET,46.28
